container_id,current_stage,facility_zone,machine_id,route_id,scan_time,dispatch_time,delivery_zip,is_near_zero,status
ffac7a38,Staging,Z1,M194,R9,2025-05-29 09:03:34,2025-05-29 13:03:34,45202,True,Waiting
fc66a39e,Dispatched,Z1,M103,R3,2025-05-29 11:03:34,2025-05-29 15:03:34,41091,True,Processing
3af8b8d4,Dispatched,Z2,M157,R19,2025-05-29 07:03:34,2025-05-29 08:03:34,45212,True,Delayed
7803f520,Dock,Z3,M119,R7,2025-05-29 03:03:34,2025-05-29 05:03:34,45213,False,Waiting
a0e16ab6,Dock,Z3,M177,R9,2025-05-29 22:03:34,2025-05-30 06:03:34,41091,True,Delayed
00169510,Staging,Z5,M137,R20,2025-05-29 01:03:34,2025-05-29 05:03:34,45229,True,Waiting
e6ac10d0,Sorting,Z3,M110,R8,2025-05-29 18:03:34,2025-05-30 01:03:34,41005,False,Loaded
2dfb721f,Sorting,Z3,M145,R7,2025-05-28 06:03:34,2025-05-28 11:03:34,45229,True,Processing
dc1261d5,Sorting,Z2,M159,R13,2025-05-29 07:03:34,2025-05-29 11:03:34,45229,False,Waiting
89ba6bd6,Sorting,Z1,M140,R13,2025-05-29 07:03:34,2025-05-29 09:03:34,45202,False,Processing
763fa4ae,Dispatched,Z4,M182,R15,2025-05-29 15:03:34,2025-05-29 20:03:34,45202,True,Loaded
c22a01fb,Dispatched,Z5,M151,R12,2025-05-29 10:03:34,2025-05-29 13:03:34,41091,False,Waiting
aec5fe4d,Staging,Z1,M119,R6,2025-05-28 05:03:34,2025-05-28 12:03:34,41091,True,Delayed
401f6243,Dispatched,Z5,M159,R17,2025-05-29 08:03:34,2025-05-29 09:03:34,45229,True,Loaded
af7f28ae,Dock,Z1,M137,R14,2025-05-29 14:03:34,2025-05-29 22:03:34,45213,False,Processing
65b69b6e,Staging,Z3,M181,R17,2025-05-28 10:03:34,2025-05-28 14:03:34,45202,False,Processing
549d1d76,Staging,Z5,M141,R16,2025-05-29 23:03:34,2025-05-30 01:03:34,41005,False,Processing
80dce758,Staging,Z2,M172,R3,2025-05-29 19:03:34,2025-05-30 03:03:34,45212,True,Processing
2ef62c5e,Sorting,Z4,M170,R6,2025-05-29 08:03:34,2025-05-29 15:03:34,45202,True,Loaded
a018f06b,Dispatched,Z3,M156,R17,2025-05-28 20:03:34,2025-05-28 22:03:34,45202,True,Waiting
a163313a,Dock,Z1,M175,R18,2025-05-29 10:03:34,2025-05-29 14:03:34,45213,True,Waiting
3c7bcfff,Sorting,Z1,M104,R11,2025-05-29 20:03:34,2025-05-30 00:03:34,41005,False,Processing
25f3fcc3,Sorting,Z5,M173,R16,2025-05-29 09:03:34,2025-05-29 17:03:34,45212,False,Processing
c7304ef2,Staging,Z1,M184,R14,2025-05-29 02:03:34,2025-05-29 09:03:34,41042,False,Waiting
ada68d33,Staging,Z1,M151,R11,2025-05-29 18:03:34,2025-05-29 22:03:34,45202,True,Delayed
95d53ea6,Sorting,Z4,M123,R9,2025-05-28 19:03:34,2025-05-28 23:03:34,45212,True,Delayed
4ef19e50,Staging,Z1,M183,R18,2025-05-30 00:03:34,2025-05-30 02:03:34,45212,True,Processing
0be5185b,Dispatched,Z4,M161,R7,2025-05-28 23:03:34,2025-05-29 00:03:34,45202,False,Waiting
feea3bea,Dispatched,Z3,M158,R10,2025-05-28 21:03:34,2025-05-29 05:03:34,45202,True,Loaded
8bb97760,Sorting,Z1,M174,R18,2025-05-29 21:03:34,2025-05-30 03:03:34,45213,True,Delayed
dc16b8be,Sorting,Z1,M165,R3,2025-05-29 13:03:34,2025-05-29 15:03:34,41091,True,Processing
6aae58b1,Dispatched,Z1,M172,R8,2025-05-28 11:03:34,2025-05-28 12:03:34,41091,True,Delayed
6d426600,Dock,Z3,M126,R11,2025-05-29 09:03:34,2025-05-29 14:03:34,41042,True,Loaded
2eeb0acf,Dispatched,Z3,M196,R3,2025-05-30 00:03:34,2025-05-30 08:03:34,41091,True,Waiting
5528f4d4,Sorting,Z5,M133,R5,2025-05-29 02:03:34,2025-05-29 04:03:34,45202,False,Loaded
f57fae86,Sorting,Z4,M169,R10,2025-05-28 09:03:34,2025-05-28 10:03:34,45229,False,Waiting
d9ccd167,Sorting,Z3,M114,R4,2025-05-28 01:03:34,2025-05-28 04:03:34,41005,False,Processing
6d61920b,Dock,Z2,M187,R9,2025-05-28 16:03:34,2025-05-29 00:03:34,41005,True,Waiting
34804f87,Dispatched,Z3,M105,R1,2025-05-29 03:03:34,2025-05-29 06:03:34,45229,False,Processing
afc4cd88,Dispatched,Z5,M190,R14,2025-05-28 13:03:34,2025-05-28 14:03:34,45213,True,Processing
66560062,Staging,Z3,M174,R18,2025-05-29 15:03:34,2025-05-29 22:03:34,45202,True,Loaded
ff6c210f,Dock,Z1,M145,R7,2025-05-28 05:03:34,2025-05-28 09:03:34,45229,True,Loaded
98edc93d,Dispatched,Z5,M195,R5,2025-05-29 09:03:34,2025-05-29 12:03:34,45212,True,Delayed
3f57bcbc,Staging,Z2,M194,R11,2025-05-28 22:03:34,2025-05-29 02:03:34,41005,True,Waiting
3ba1a773,Dispatched,Z1,M160,R8,2025-05-29 12:03:34,2025-05-29 20:03:34,41005,False,Processing
f2d1e005,Sorting,Z1,M184,R7,2025-05-28 23:03:34,2025-05-29 05:03:34,41005,True,Loaded
3d3294da,Dock,Z5,M151,R18,2025-05-29 03:03:34,2025-05-29 04:03:34,45213,False,Processing
3b7648b3,Dock,Z1,M113,R20,2025-05-28 21:03:34,2025-05-29 03:03:34,45229,False,Delayed
694db22d,Staging,Z4,M173,R7,2025-05-29 08:03:34,2025-05-29 09:03:34,45229,False,Waiting
855de881,Sorting,Z3,M155,R3,2025-05-28 06:03:34,2025-05-28 12:03:34,41091,False,Waiting
e7cd2197,Dock,Z5,M139,R14,2025-05-29 04:03:34,2025-05-29 11:03:34,45229,False,Processing
672d3653,Sorting,Z4,M185,R13,2025-05-28 05:03:34,2025-05-28 08:03:34,41091,False,Delayed
1530952a,Staging,Z3,M136,R7,2025-05-28 21:03:34,2025-05-29 03:03:34,41042,False,Delayed
4304941a,Sorting,Z5,M160,R6,2025-05-28 06:03:34,2025-05-28 08:03:34,41005,False,Waiting
b85e686d,Sorting,Z3,M128,R7,2025-05-29 15:03:34,2025-05-29 16:03:34,45213,True,Delayed
5f9e2f29,Staging,Z4,M153,R19,2025-05-29 12:03:34,2025-05-29 19:03:34,41042,False,Processing
5208a86a,Sorting,Z1,M196,R4,2025-05-28 21:03:34,2025-05-29 01:03:34,45202,False,Waiting
cf050a69,Sorting,Z1,M158,R5,2025-05-28 19:03:34,2025-05-29 01:03:34,45212,False,Delayed
f8985d57,Dispatched,Z2,M195,R16,2025-05-28 20:03:34,2025-05-29 01:03:34,45212,True,Loaded
118a82f3,Dispatched,Z2,M135,R15,2025-05-29 20:03:34,2025-05-30 01:03:34,45202,False,Loaded
3b5abbab,Dock,Z5,M110,R5,2025-05-29 15:03:34,2025-05-29 19:03:34,41042,True,Processing
d0513c01,Staging,Z4,M152,R11,2025-05-28 14:03:34,2025-05-28 22:03:34,41042,True,Processing
5a8a08dc,Dispatched,Z4,M198,R19,2025-05-28 04:03:34,2025-05-28 05:03:34,45212,False,Delayed
ad132188,Staging,Z3,M138,R13,2025-05-28 22:03:34,2025-05-29 02:03:34,41042,True,Loaded
74b04d77,Dispatched,Z4,M103,R13,2025-05-29 03:03:34,2025-05-29 10:03:34,45229,True,Delayed
203b908b,Sorting,Z5,M168,R1,2025-05-28 23:03:34,2025-05-29 00:03:34,45213,False,Processing
69445c83,Dispatched,Z2,M106,R9,2025-05-29 00:03:34,2025-05-29 06:03:34,45202,False,Loaded
6c1731fd,Dock,Z4,M135,R14,2025-05-29 08:03:34,2025-05-29 10:03:34,41042,True,Waiting
a154219f,Dock,Z2,M183,R3,2025-05-28 07:03:34,2025-05-28 08:03:34,45212,True,Processing
20452eed,Sorting,Z1,M179,R5,2025-05-29 09:03:34,2025-05-29 12:03:34,41042,True,Processing
bf7c1cef,Dispatched,Z3,M198,R12,2025-05-29 14:03:34,2025-05-29 16:03:34,45212,True,Loaded
9f08860a,Staging,Z5,M103,R10,2025-05-28 12:03:34,2025-05-28 19:03:34,41042,True,Waiting
fd9fc694,Sorting,Z1,M189,R10,2025-05-28 05:03:34,2025-05-28 07:03:34,45212,True,Loaded
af9fd914,Dispatched,Z3,M108,R17,2025-05-28 07:03:34,2025-05-28 13:03:34,45213,False,Delayed
81cdf37a,Staging,Z4,M146,R15,2025-05-28 03:03:34,2025-05-28 06:03:34,41042,True,Loaded
e46e7625,Dispatched,Z4,M155,R19,2025-05-29 07:03:34,2025-05-29 13:03:34,45212,True,Waiting
0124ae87,Dock,Z4,M131,R15,2025-05-28 12:03:34,2025-05-28 19:03:34,41005,True,Delayed
8f62f7c9,Dock,Z2,M162,R7,2025-05-29 02:03:34,2025-05-29 07:03:34,41005,False,Loaded
0fb72c70,Staging,Z5,M124,R3,2025-05-29 09:03:34,2025-05-29 16:03:34,41042,True,Delayed
20f7837e,Dispatched,Z4,M102,R3,2025-05-29 06:03:34,2025-05-29 10:03:34,41042,True,Loaded
5840c857,Dock,Z4,M170,R17,2025-05-29 02:03:34,2025-05-29 09:03:34,45229,False,Loaded
de2dd427,Dispatched,Z3,M139,R9,2025-05-29 10:03:34,2025-05-29 12:03:34,45229,True,Loaded
580ccee0,Staging,Z5,M197,R6,2025-05-29 12:03:34,2025-05-29 16:03:34,45229,False,Loaded
6a4d6a60,Dock,Z1,M124,R10,2025-05-29 10:03:34,2025-05-29 16:03:34,45202,False,Waiting
9fbe5de8,Sorting,Z3,M105,R2,2025-05-28 13:03:34,2025-05-28 18:03:34,45229,True,Delayed
81decfa6,Staging,Z1,M173,R10,2025-05-28 18:03:34,2025-05-29 02:03:34,41042,False,Processing
d2e740f0,Staging,Z3,M161,R4,2025-05-29 20:03:34,2025-05-30 03:03:34,41042,True,Waiting
7b8d9a49,Sorting,Z2,M172,R10,2025-05-29 19:03:34,2025-05-29 23:03:34,45213,False,Processing
7ef1938c,Dispatched,Z4,M156,R10,2025-05-28 11:03:34,2025-05-28 18:03:34,41005,True,Waiting
bc640065,Sorting,Z2,M133,R3,2025-05-29 14:03:34,2025-05-29 18:03:34,45202,True,Processing
b07f6728,Staging,Z4,M157,R20,2025-05-28 18:03:34,2025-05-28 23:03:34,45213,True,Loaded
22b6beb6,Dock,Z4,M109,R8,2025-05-29 08:03:34,2025-05-29 12:03:34,41042,True,Processing
7e3435be,Sorting,Z3,M118,R3,2025-05-29 21:03:34,2025-05-30 00:03:34,45212,False,Loaded
a5d0ffcc,Dispatched,Z1,M159,R10,2025-05-28 04:03:34,2025-05-28 11:03:34,41005,False,Delayed
b6aed216,Staging,Z5,M105,R14,2025-05-28 01:03:34,2025-05-28 07:03:34,41091,False,Waiting
c3cff85f,Staging,Z2,M186,R19,2025-05-28 11:03:34,2025-05-28 12:03:34,45212,False,Waiting
8e945712,Sorting,Z4,M166,R15,2025-05-29 07:03:34,2025-05-29 10:03:34,41091,False,Delayed
7ea7af52,Staging,Z4,M144,R14,2025-05-29 03:03:34,2025-05-29 09:03:34,45229,True,Processing
e0892dc1,Dock,Z4,M188,R16,2025-05-29 06:03:34,2025-05-29 13:03:34,45212,True,Delayed
2f6da76c,Staging,Z3,M132,R11,2025-05-29 17:03:34,2025-05-30 00:03:34,45212,True,Delayed
b5c8c1c6,Dispatched,Z1,M124,R17,2025-05-29 01:03:34,2025-05-29 09:03:34,45229,False,Waiting
a952e161,Sorting,Z3,M170,R5,2025-05-29 06:03:34,2025-05-29 14:03:34,45229,False,Waiting
ce7a661a,Staging,Z5,M130,R6,2025-05-29 05:03:34,2025-05-29 06:03:34,41091,False,Waiting
040516ee,Sorting,Z1,M159,R4,2025-05-28 07:03:34,2025-05-28 10:03:34,41042,False,Loaded
e2deee7d,Dispatched,Z4,M160,R8,2025-05-28 19:03:34,2025-05-28 22:03:34,41042,True,Processing
0f153cce,Staging,Z3,M198,R14,2025-05-29 03:03:34,2025-05-29 08:03:34,45212,True,Loaded
72268476,Dock,Z5,M174,R16,2025-05-29 15:03:34,2025-05-29 23:03:34,41091,False,Loaded
db84a355,Dock,Z5,M197,R18,2025-05-29 00:03:34,2025-05-29 08:03:34,41005,True,Processing
9fab6333,Dispatched,Z2,M199,R14,2025-05-29 22:03:34,2025-05-30 04:03:34,45229,False,Delayed
06e2be84,Dispatched,Z2,M163,R2,2025-05-29 16:03:34,2025-05-29 22:03:34,45212,True,Delayed
21f5bf70,Staging,Z5,M158,R1,2025-05-28 02:03:34,2025-05-28 05:03:34,41042,True,Waiting
a3d8ed2d,Dispatched,Z3,M143,R20,2025-05-28 04:03:34,2025-05-28 11:03:34,45229,True,Loaded
d02fcb09,Dispatched,Z3,M180,R16,2025-05-28 14:03:34,2025-05-28 15:03:34,41091,True,Processing
d662f73e,Dock,Z2,M195,R3,2025-05-28 21:03:34,2025-05-28 23:03:34,45212,True,Delayed
bd392554,Sorting,Z3,M103,R2,2025-05-29 04:03:34,2025-05-29 05:03:34,41005,False,Loaded
173397a6,Dispatched,Z2,M131,R17,2025-05-28 22:03:34,2025-05-29 01:03:34,45202,True,Waiting
f65b2243,Dispatched,Z5,M187,R8,2025-05-28 17:03:34,2025-05-28 20:03:34,45202,False,Loaded
e77048d4,Dispatched,Z3,M185,R1,2025-05-28 19:03:34,2025-05-29 00:03:34,45229,True,Waiting
2bd7baab,Dispatched,Z3,M175,R10,2025-05-28 08:03:34,2025-05-28 15:03:34,45229,False,Delayed
dd38b0ab,Dock,Z2,M149,R16,2025-05-29 18:03:34,2025-05-29 22:03:34,41042,False,Loaded
fe903ffa,Dock,Z1,M184,R13,2025-05-29 07:03:34,2025-05-29 08:03:34,41091,True,Delayed
f8abca69,Dock,Z2,M177,R12,2025-05-29 10:03:34,2025-05-29 14:03:34,41091,False,Processing
426620e5,Staging,Z1,M139,R15,2025-05-29 22:03:34,2025-05-30 04:03:34,45229,True,Waiting
117dba78,Dock,Z3,M195,R14,2025-05-29 13:03:34,2025-05-29 17:03:34,45202,False,Loaded
fe49259f,Sorting,Z3,M161,R10,2025-05-28 01:03:34,2025-05-28 07:03:34,45212,True,Delayed
7fd16e9e,Staging,Z2,M196,R8,2025-05-28 05:03:34,2025-05-28 12:03:34,45212,False,Waiting
be1a435b,Dispatched,Z1,M133,R18,2025-05-29 17:03:34,2025-05-30 01:03:34,41005,False,Delayed
feb5cecb,Dock,Z1,M186,R8,2025-05-28 18:03:34,2025-05-28 19:03:34,41091,False,Processing
bbdf7854,Staging,Z4,M189,R10,2025-05-28 07:03:34,2025-05-28 14:03:34,45213,True,Waiting
10966d5b,Staging,Z3,M163,R4,2025-05-29 18:03:34,2025-05-29 22:03:34,41091,True,Delayed
78e361c3,Dispatched,Z3,M185,R18,2025-05-28 22:03:34,2025-05-29 01:03:34,41042,True,Delayed
e256255a,Dispatched,Z3,M104,R12,2025-05-29 11:03:34,2025-05-29 19:03:34,41042,True,Loaded
6b9a7a23,Staging,Z3,M169,R12,2025-05-29 21:03:34,2025-05-30 04:03:34,41005,True,Waiting
c6ac75e7,Dispatched,Z1,M184,R7,2025-05-28 07:03:34,2025-05-28 08:03:34,45213,False,Processing
6c70b83c,Sorting,Z5,M126,R3,2025-05-28 13:03:34,2025-05-28 17:03:34,41091,True,Processing
6b32d7cf,Dock,Z2,M176,R1,2025-05-29 07:03:34,2025-05-29 10:03:34,45202,False,Processing
4ffe0688,Staging,Z1,M116,R1,2025-05-29 02:03:34,2025-05-29 06:03:34,41091,False,Waiting
4ed4d533,Sorting,Z3,M106,R5,2025-05-28 01:03:34,2025-05-28 08:03:34,41091,True,Waiting
e240fff3,Dispatched,Z4,M199,R12,2025-05-28 16:03:34,2025-05-28 18:03:34,41042,True,Waiting
81b96577,Dock,Z4,M182,R1,2025-05-29 21:03:34,2025-05-30 05:03:34,45212,False,Delayed
18f6055f,Staging,Z4,M191,R15,2025-05-29 20:03:34,2025-05-29 22:03:34,41005,True,Waiting
c8cbede5,Sorting,Z3,M179,R19,2025-05-28 13:03:34,2025-05-28 19:03:34,41042,False,Delayed
52e110d0,Dispatched,Z1,M189,R4,2025-05-28 07:03:34,2025-05-28 11:03:34,41042,False,Processing
563f2b63,Dispatched,Z3,M158,R13,2025-05-28 22:03:34,2025-05-29 00:03:34,41005,False,Loaded
782870bb,Dock,Z3,M119,R16,2025-05-29 20:03:34,2025-05-29 22:03:34,45212,True,Waiting
ae57fd9a,Dispatched,Z1,M195,R12,2025-05-29 16:03:34,2025-05-29 17:03:34,41091,False,Waiting
4c773435,Dispatched,Z3,M185,R14,2025-05-28 02:03:34,2025-05-28 03:03:34,41005,False,Loaded
eb7c4dc8,Staging,Z5,M164,R7,2025-05-29 15:03:34,2025-05-29 23:03:34,45202,True,Loaded
d48bf683,Dock,Z1,M197,R9,2025-05-28 12:03:34,2025-05-28 16:03:34,45212,False,Waiting
e9bc6003,Dock,Z1,M123,R9,2025-05-28 04:03:34,2025-05-28 09:03:34,41005,False,Waiting
9020fc57,Sorting,Z2,M172,R13,2025-05-29 20:03:34,2025-05-29 23:03:34,45229,True,Waiting
cbb41746,Sorting,Z4,M153,R15,2025-05-29 03:03:34,2025-05-29 06:03:34,41005,False,Loaded
9f5ed478,Staging,Z1,M119,R6,2025-05-28 09:03:34,2025-05-28 10:03:34,45229,True,Loaded
4e0c6580,Dispatched,Z4,M162,R20,2025-05-28 20:03:34,2025-05-29 03:03:34,41005,True,Waiting
8b5aaa6f,Dock,Z4,M114,R10,2025-05-28 05:03:34,2025-05-28 13:03:34,41091,False,Waiting
7ed67bcd,Sorting,Z4,M176,R2,2025-05-30 00:03:34,2025-05-30 04:03:34,41005,True,Processing
a3b7d3eb,Dock,Z3,M141,R4,2025-05-30 00:03:34,2025-05-30 08:03:34,45229,False,Processing
0c07312a,Sorting,Z4,M168,R8,2025-05-28 16:03:34,2025-05-28 22:03:34,45213,False,Waiting
2c1b58fc,Dispatched,Z1,M158,R3,2025-05-29 04:03:34,2025-05-29 11:03:34,41091,False,Delayed
b89a17ff,Dock,Z1,M151,R1,2025-05-29 04:03:34,2025-05-29 07:03:34,45212,False,Loaded
fb283b0b,Staging,Z4,M113,R8,2025-05-28 21:03:34,2025-05-29 04:03:34,41091,True,Delayed
5bcd4c31,Dock,Z3,M128,R11,2025-05-29 14:03:34,2025-05-29 16:03:34,41091,True,Processing
c927d68a,Dock,Z3,M193,R5,2025-05-29 09:03:34,2025-05-29 11:03:34,45202,False,Processing
daa9eae5,Sorting,Z5,M119,R3,2025-05-29 13:03:34,2025-05-29 21:03:34,41042,False,Loaded
2e96948b,Dock,Z2,M156,R3,2025-05-28 18:03:34,2025-05-29 02:03:34,45229,False,Loaded
9431925a,Staging,Z3,M164,R3,2025-05-29 05:03:34,2025-05-29 13:03:34,41042,True,Waiting
207762f5,Dock,Z3,M109,R3,2025-05-28 09:03:34,2025-05-28 16:03:34,41042,True,Delayed
1462f60c,Sorting,Z3,M177,R16,2025-05-28 16:03:34,2025-05-28 19:03:34,45213,False,Waiting
c7dd43e3,Dock,Z1,M164,R6,2025-05-29 22:03:34,2025-05-30 02:03:34,45229,False,Delayed
f94acece,Sorting,Z3,M147,R10,2025-05-29 00:03:34,2025-05-29 07:03:34,45212,False,Waiting
4616c888,Dock,Z1,M142,R4,2025-05-28 13:03:34,2025-05-28 20:03:34,41005,False,Processing
73360a1e,Dock,Z1,M174,R5,2025-05-29 02:03:34,2025-05-29 07:03:34,45229,False,Processing
a38d97fd,Staging,Z3,M171,R13,2025-05-28 07:03:34,2025-05-28 13:03:34,45212,True,Waiting
0080eca6,Dispatched,Z5,M146,R1,2025-05-29 01:03:34,2025-05-29 06:03:34,45202,True,Loaded
0919ddd5,Dispatched,Z2,M128,R5,2025-05-29 15:03:34,2025-05-29 17:03:34,41005,True,Waiting
885498cf,Dock,Z5,M116,R20,2025-05-29 00:03:34,2025-05-29 03:03:34,45202,True,Processing
5db2e1b0,Dispatched,Z1,M152,R12,2025-05-28 05:03:34,2025-05-28 09:03:34,41042,False,Delayed
216a7ded,Sorting,Z5,M130,R10,2025-05-28 18:03:34,2025-05-28 22:03:34,41005,False,Delayed
e65ddd4f,Dock,Z4,M164,R17,2025-05-28 22:03:34,2025-05-29 01:03:34,45212,True,Processing
cd966dc8,Dock,Z1,M182,R16,2025-05-29 01:03:34,2025-05-29 03:03:34,45229,True,Loaded
92af76b2,Staging,Z2,M134,R15,2025-05-28 16:03:34,2025-05-28 19:03:34,45212,False,Waiting
0e03a72f,Sorting,Z4,M144,R1,2025-05-28 22:03:34,2025-05-28 23:03:34,41042,False,Processing
2e1b81f6,Dispatched,Z1,M147,R8,2025-05-29 23:03:34,2025-05-30 05:03:34,45213,False,Processing
5b672200,Sorting,Z1,M136,R16,2025-05-28 04:03:34,2025-05-28 07:03:34,45212,False,Delayed
0a616806,Staging,Z1,M102,R9,2025-05-29 11:03:34,2025-05-29 14:03:34,41091,False,Waiting
05e92a6f,Dock,Z2,M138,R4,2025-05-29 21:03:34,2025-05-30 01:03:34,41042,False,Waiting
c47a9679,Staging,Z4,M176,R18,2025-05-29 23:03:34,2025-05-30 03:03:34,45229,True,Loaded
da85bd50,Dispatched,Z1,M178,R12,2025-05-29 09:03:34,2025-05-29 16:03:34,45202,True,Loaded
11cd1619,Staging,Z5,M169,R17,2025-05-28 16:03:34,2025-05-28 17:03:34,41042,False,Waiting
c8265c0a,Dispatched,Z3,M132,R1,2025-05-29 02:03:34,2025-05-29 04:03:34,41005,True,Waiting
a38a52e1,Dock,Z2,M105,R12,2025-05-28 14:03:34,2025-05-28 20:03:34,45212,True,Delayed
a39a59bb,Dispatched,Z2,M117,R3,2025-05-28 03:03:34,2025-05-28 11:03:34,45213,False,Processing
eedc291f,Staging,Z2,M105,R11,2025-05-29 05:03:34,2025-05-29 12:03:34,45212,False,Loaded
24315b7b,Staging,Z2,M136,R12,2025-05-29 21:03:34,2025-05-30 03:03:34,41005,True,Loaded
08442ab8,Dispatched,Z4,M195,R15,2025-05-29 00:03:34,2025-05-29 06:03:34,45202,False,Delayed
87a46409,Dock,Z5,M134,R3,2025-05-28 02:03:34,2025-05-28 09:03:34,45213,False,Processing
fba4f10a,Dock,Z3,M113,R3,2025-05-29 04:03:34,2025-05-29 09:03:34,41005,False,Delayed
a1945d03,Sorting,Z4,M144,R15,2025-05-29 22:03:34,2025-05-30 04:03:34,41091,False,Loaded
65fe909a,Staging,Z1,M185,R13,2025-05-29 01:03:34,2025-05-29 04:03:34,45213,True,Delayed
e688464f,Staging,Z2,M108,R8,2025-05-28 07:03:34,2025-05-28 13:03:34,41005,False,Waiting
f5a157c2,Sorting,Z4,M147,R12,2025-05-28 20:03:34,2025-05-28 22:03:34,41091,True,Loaded
18a21da3,Dispatched,Z3,M183,R9,2025-05-29 09:03:34,2025-05-29 11:03:34,45213,True,Delayed
4c1a6955,Dispatched,Z5,M115,R9,2025-05-29 08:03:34,2025-05-29 16:03:34,45202,False,Delayed
4a8aec35,Sorting,Z1,M117,R3,2025-05-28 20:03:34,2025-05-28 23:03:34,45229,False,Waiting
16b50d1f,Dock,Z3,M190,R3,2025-05-28 13:03:34,2025-05-28 18:03:34,41005,True,Processing
dadd7dcf,Dock,Z5,M128,R4,2025-05-29 12:03:34,2025-05-29 15:03:34,45202,False,Waiting
0c67bae8,Dock,Z5,M173,R12,2025-05-28 19:03:34,2025-05-28 22:03:34,41091,True,Waiting
9893e5f4,Dock,Z4,M191,R16,2025-05-28 15:03:34,2025-05-28 22:03:34,45212,False,Waiting
00500d04,Sorting,Z3,M182,R3,2025-05-28 20:03:34,2025-05-29 04:03:34,45229,False,Processing
7ac88f0e,Sorting,Z2,M155,R17,2025-05-29 21:03:34,2025-05-29 23:03:34,41091,True,Loaded
8250b25f,Sorting,Z2,M141,R8,2025-05-29 02:03:34,2025-05-29 07:03:34,45212,True,Loaded
72c82dd9,Sorting,Z5,M135,R5,2025-05-28 08:03:34,2025-05-28 13:03:34,41091,True,Processing
ad268d32,Sorting,Z2,M184,R20,2025-05-28 02:03:34,2025-05-28 08:03:34,45212,True,Waiting
247c10c3,Staging,Z1,M182,R19,2025-05-29 08:03:34,2025-05-29 12:03:34,45212,False,Waiting
b1fed60b,Dispatched,Z5,M137,R10,2025-05-28 18:03:34,2025-05-28 22:03:34,45212,False,Loaded
047ee61a,Dispatched,Z1,M188,R2,2025-05-29 14:03:34,2025-05-29 22:03:34,41042,False,Delayed
8b77d35d,Sorting,Z3,M177,R5,2025-05-29 04:03:34,2025-05-29 10:03:34,45229,False,Delayed
c10bff4e,Sorting,Z3,M165,R18,2025-05-29 18:03:34,2025-05-30 00:03:34,45202,False,Waiting
90103e36,Dock,Z4,M131,R5,2025-05-29 18:03:34,2025-05-29 19:03:34,41005,False,Delayed
d0ce8b85,Sorting,Z2,M141,R19,2025-05-28 02:03:34,2025-05-28 08:03:34,45202,True,Delayed
cf84c94b,Dispatched,Z4,M139,R16,2025-05-29 23:03:34,2025-05-30 01:03:34,41042,False,Processing
63075050,Sorting,Z5,M145,R2,2025-05-29 21:03:34,2025-05-30 02:03:34,41042,False,Loaded
a10c738d,Staging,Z1,M155,R5,2025-05-29 08:03:34,2025-05-29 14:03:34,45212,False,Loaded
0c37b035,Staging,Z4,M106,R19,2025-05-28 13:03:34,2025-05-28 17:03:34,41005,False,Waiting
e1f18a1a,Dispatched,Z5,M157,R18,2025-05-29 07:03:34,2025-05-29 09:03:34,45202,True,Delayed
ae558946,Dock,Z3,M171,R12,2025-05-29 15:03:34,2025-05-29 19:03:34,41091,False,Waiting
376d4269,Staging,Z1,M117,R11,2025-05-28 18:03:34,2025-05-29 02:03:34,45202,True,Loaded
922a7cf7,Dock,Z2,M150,R20,2025-05-28 01:03:34,2025-05-28 06:03:34,41091,False,Delayed
3351458e,Dock,Z4,M102,R12,2025-05-29 03:03:34,2025-05-29 05:03:34,41042,False,Waiting
c0cd24a1,Dispatched,Z3,M183,R19,2025-05-28 12:03:34,2025-05-28 16:03:34,45229,True,Delayed
325c0434,Sorting,Z5,M180,R20,2025-05-29 00:03:34,2025-05-29 03:03:34,45212,True,Waiting
051d0aa1,Staging,Z2,M102,R15,2025-05-29 04:03:34,2025-05-29 11:03:34,45202,False,Processing
46f789e9,Dispatched,Z5,M199,R20,2025-05-28 18:03:34,2025-05-28 19:03:34,45229,True,Processing
0c71a850,Dock,Z4,M167,R13,2025-05-29 04:03:34,2025-05-29 07:03:34,41042,False,Loaded
e5943491,Dock,Z5,M161,R7,2025-05-29 09:03:34,2025-05-29 14:03:34,41091,False,Processing
46927f78,Dock,Z3,M190,R7,2025-05-28 04:03:34,2025-05-28 12:03:34,41005,False,Loaded
f211dd7d,Dock,Z3,M115,R19,2025-05-28 05:03:34,2025-05-28 12:03:34,41042,False,Processing
5ca9a2b5,Dock,Z1,M136,R3,2025-05-29 02:03:34,2025-05-29 10:03:34,45229,False,Delayed
fbcf7f1f,Sorting,Z2,M168,R9,2025-05-28 13:03:34,2025-05-28 18:03:34,45202,True,Processing
a9ba1212,Sorting,Z1,M185,R17,2025-05-29 10:03:34,2025-05-29 14:03:34,45213,True,Delayed
79c95f2e,Dock,Z4,M112,R5,2025-05-30 00:03:34,2025-05-30 03:03:34,41042,False,Delayed
dcc196ee,Sorting,Z3,M141,R10,2025-05-28 07:03:34,2025-05-28 08:03:34,45212,True,Processing
49bb863d,Staging,Z2,M153,R6,2025-05-29 22:03:34,2025-05-30 05:03:34,45212,False,Processing
f2a2a55c,Dock,Z1,M101,R10,2025-05-28 12:03:34,2025-05-28 14:03:34,41005,False,Delayed
98b62c0b,Dispatched,Z2,M164,R15,2025-05-29 07:03:34,2025-05-29 11:03:34,45212,True,Loaded
bfbd4cbe,Sorting,Z4,M182,R9,2025-05-28 03:03:34,2025-05-28 06:03:34,45213,False,Loaded
dde22bda,Sorting,Z2,M178,R13,2025-05-28 21:03:34,2025-05-29 03:03:34,45213,False,Waiting
316fc4f0,Sorting,Z2,M161,R11,2025-05-29 09:03:34,2025-05-29 10:03:34,41005,False,Processing
36a53015,Dispatched,Z3,M142,R10,2025-05-28 11:03:34,2025-05-28 12:03:34,41005,False,Processing
1d6bc0c6,Staging,Z1,M159,R10,2025-05-29 14:03:34,2025-05-29 21:03:34,45229,False,Waiting
7cb2b030,Dock,Z3,M178,R8,2025-05-29 10:03:34,2025-05-29 13:03:34,41042,True,Delayed
00ed1a43,Dock,Z4,M189,R18,2025-05-28 18:03:34,2025-05-28 22:03:34,45212,True,Waiting
efef4584,Dispatched,Z5,M190,R12,2025-05-29 20:03:34,2025-05-29 22:03:34,45213,True,Processing
0374e7ba,Sorting,Z3,M166,R15,2025-05-29 17:03:34,2025-05-29 21:03:34,45229,False,Waiting
b4a3cb06,Dispatched,Z1,M158,R5,2025-05-28 16:03:34,2025-05-28 23:03:34,41042,True,Delayed
c58d470d,Dock,Z1,M150,R9,2025-05-30 00:03:34,2025-05-30 04:03:34,41091,True,Waiting
e080aa1e,Dispatched,Z3,M189,R3,2025-05-28 14:03:34,2025-05-28 15:03:34,45213,False,Waiting
bf5e6031,Dock,Z4,M123,R5,2025-05-28 07:03:34,2025-05-28 14:03:34,41005,False,Delayed
2760a86c,Dispatched,Z4,M110,R18,2025-05-29 16:03:34,2025-05-29 22:03:34,45213,True,Delayed
b2ba75b5,Sorting,Z2,M100,R1,2025-05-29 05:03:34,2025-05-29 13:03:34,45229,False,Delayed
1af4b3ce,Sorting,Z2,M158,R12,2025-05-29 15:03:34,2025-05-29 20:03:34,45202,True,Waiting
50310433,Dispatched,Z5,M198,R1,2025-05-29 09:03:34,2025-05-29 13:03:34,45213,True,Waiting
cd9cbdb1,Dispatched,Z5,M186,R2,2025-05-29 09:03:34,2025-05-29 10:03:34,41042,False,Processing
63266b68,Sorting,Z1,M117,R17,2025-05-29 06:03:34,2025-05-29 10:03:34,45212,False,Loaded
61ce2762,Sorting,Z3,M118,R17,2025-05-29 10:03:34,2025-05-29 17:03:34,41005,False,Waiting
bdaf0755,Sorting,Z4,M171,R16,2025-05-29 21:03:34,2025-05-30 03:03:34,45229,False,Loaded
9273fa51,Dispatched,Z4,M119,R10,2025-05-29 00:03:34,2025-05-29 03:03:34,45212,False,Processing
57c384e5,Sorting,Z3,M190,R5,2025-05-28 19:03:34,2025-05-28 20:03:34,41091,False,Delayed
90933c68,Sorting,Z4,M131,R9,2025-05-29 11:03:34,2025-05-29 17:03:34,45229,True,Delayed
1fa723fa,Dock,Z1,M168,R7,2025-05-29 21:03:34,2025-05-30 02:03:34,41042,True,Waiting
5efab95a,Sorting,Z5,M192,R18,2025-05-29 11:03:34,2025-05-29 19:03:34,45202,False,Loaded
57e3c4d1,Staging,Z2,M124,R4,2025-05-28 01:03:34,2025-05-28 09:03:34,45202,True,Delayed
74ec7e63,Sorting,Z5,M141,R10,2025-05-29 00:03:34,2025-05-29 08:03:34,41091,False,Loaded
9c480603,Dock,Z3,M165,R16,2025-05-28 19:03:34,2025-05-28 21:03:34,45212,False,Loaded
d54962e8,Sorting,Z3,M140,R14,2025-05-29 22:03:34,2025-05-30 02:03:34,45229,True,Waiting
f1a6a35d,Dock,Z5,M174,R19,2025-05-28 02:03:34,2025-05-28 09:03:34,41005,True,Processing
787b7abe,Dock,Z2,M148,R19,2025-05-29 09:03:34,2025-05-29 17:03:34,41091,False,Loaded
64791071,Dispatched,Z4,M158,R6,2025-05-28 02:03:34,2025-05-28 08:03:34,45202,True,Delayed
ccd67bc6,Sorting,Z5,M182,R2,2025-05-28 15:03:34,2025-05-28 16:03:34,45212,True,Waiting
e437da9d,Staging,Z4,M117,R8,2025-05-29 20:03:34,2025-05-29 23:03:34,45213,True,Delayed
c4d7e792,Dock,Z1,M179,R20,2025-05-28 18:03:34,2025-05-29 02:03:34,45213,True,Delayed
7eba90ce,Staging,Z1,M167,R9,2025-05-28 14:03:34,2025-05-28 19:03:34,45213,False,Processing
9b8eaebb,Staging,Z1,M167,R5,2025-05-29 09:03:34,2025-05-29 13:03:34,41091,False,Loaded
5b4e02ee,Dock,Z4,M110,R12,2025-05-28 23:03:34,2025-05-29 07:03:34,41091,True,Processing
4d548bda,Dock,Z1,M183,R2,2025-05-29 19:03:34,2025-05-30 02:03:34,41042,False,Delayed
858e8e1c,Staging,Z1,M189,R6,2025-05-29 19:03:34,2025-05-30 03:03:34,45212,False,Loaded
5245fafe,Staging,Z5,M105,R8,2025-05-29 11:03:34,2025-05-29 19:03:34,41005,True,Waiting
7637055c,Dock,Z5,M172,R2,2025-05-29 13:03:34,2025-05-29 19:03:34,45213,True,Processing
d50a24bf,Dispatched,Z1,M138,R6,2025-05-28 12:03:34,2025-05-28 16:03:34,41091,False,Loaded
b2cf5f39,Dispatched,Z2,M188,R3,2025-05-28 16:03:34,2025-05-28 22:03:34,45213,True,Delayed
2b2cd3c0,Sorting,Z1,M143,R20,2025-05-28 09:03:34,2025-05-28 16:03:34,45212,False,Waiting
99b55303,Dock,Z4,M162,R8,2025-05-29 02:03:34,2025-05-29 09:03:34,41042,True,Delayed
394d04a1,Staging,Z5,M137,R8,2025-05-28 03:03:34,2025-05-28 05:03:34,45213,False,Processing
695858b2,Dispatched,Z2,M194,R13,2025-05-29 04:03:34,2025-05-29 10:03:34,45213,True,Waiting
780ba0bc,Dock,Z4,M146,R9,2025-05-29 18:03:34,2025-05-29 21:03:34,45213,True,Delayed
f3d2b1ce,Dispatched,Z5,M171,R17,2025-05-28 22:03:34,2025-05-29 00:03:34,45213,True,Loaded
997d7607,Staging,Z5,M176,R11,2025-05-29 00:03:34,2025-05-29 01:03:34,41005,False,Delayed
4df8cdc3,Staging,Z5,M131,R19,2025-05-28 15:03:34,2025-05-28 18:03:34,45229,False,Processing
84997496,Sorting,Z3,M138,R9,2025-05-28 17:03:34,2025-05-28 20:03:34,45213,True,Delayed
9308deb4,Dock,Z4,M138,R16,2025-05-29 20:03:34,2025-05-30 02:03:34,41005,True,Delayed
384534dd,Sorting,Z4,M113,R5,2025-05-29 05:03:34,2025-05-29 06:03:34,41042,False,Delayed
43b064d0,Dock,Z4,M142,R14,2025-05-28 07:03:34,2025-05-28 10:03:34,41005,False,Processing
c5ff55ab,Dispatched,Z3,M122,R13,2025-05-29 04:03:34,2025-05-29 09:03:34,45229,False,Processing
045f138e,Dock,Z4,M135,R13,2025-05-29 01:03:34,2025-05-29 03:03:34,41091,True,Processing
7eb770fb,Staging,Z4,M190,R7,2025-05-28 20:03:34,2025-05-29 01:03:34,45212,True,Delayed
b09c5dc0,Dispatched,Z2,M181,R10,2025-05-29 09:03:34,2025-05-29 14:03:34,45229,True,Delayed
fb25dd5b,Dispatched,Z1,M157,R20,2025-05-28 18:03:34,2025-05-29 01:03:34,41091,False,Waiting
cecd4fc2,Dock,Z5,M176,R3,2025-05-29 18:03:34,2025-05-29 22:03:34,45229,False,Processing
326cce59,Staging,Z5,M182,R13,2025-05-29 03:03:34,2025-05-29 10:03:34,45213,True,Waiting
c3fa755a,Dock,Z2,M165,R17,2025-05-28 13:03:34,2025-05-28 17:03:34,41042,False,Delayed
84d40a33,Dispatched,Z5,M188,R17,2025-05-29 15:03:34,2025-05-29 21:03:34,45213,False,Waiting
f4ee36c1,Dock,Z4,M110,R4,2025-05-28 02:03:34,2025-05-28 05:03:34,41005,False,Loaded
4cb2202d,Dispatched,Z2,M166,R16,2025-05-29 02:03:34,2025-05-29 10:03:34,45213,False,Delayed
bb34aaa6,Dock,Z1,M138,R2,2025-05-28 03:03:34,2025-05-28 05:03:34,45213,False,Waiting
166d7ab3,Sorting,Z2,M166,R6,2025-05-28 13:03:34,2025-05-28 16:03:34,41005,False,Delayed
cd999f63,Sorting,Z4,M180,R6,2025-05-29 13:03:34,2025-05-29 20:03:34,41042,True,Processing
6b4a3810,Dispatched,Z5,M154,R13,2025-05-30 00:03:34,2025-05-30 04:03:34,45202,False,Waiting
d779f834,Staging,Z5,M123,R12,2025-05-29 04:03:34,2025-05-29 08:03:34,41042,True,Loaded
4ed61a9b,Dispatched,Z5,M181,R11,2025-05-28 10:03:34,2025-05-28 17:03:34,41091,False,Waiting
23083e39,Dock,Z3,M158,R20,2025-05-29 13:03:34,2025-05-29 18:03:34,41091,True,Processing
5e7d0419,Dock,Z1,M130,R10,2025-05-29 17:03:34,2025-05-29 20:03:34,41005,True,Delayed
46562de2,Dispatched,Z5,M117,R19,2025-05-29 00:03:34,2025-05-29 07:03:34,45202,False,Processing
785ab4f8,Sorting,Z4,M136,R5,2025-05-29 13:03:34,2025-05-29 19:03:34,45212,False,Waiting
3986dceb,Dock,Z1,M162,R5,2025-05-29 12:03:34,2025-05-29 19:03:34,41091,False,Delayed
a105b6cb,Dispatched,Z4,M190,R15,2025-05-28 17:03:34,2025-05-28 20:03:34,45213,True,Processing
ab7e0fdc,Dock,Z1,M135,R8,2025-05-28 14:03:34,2025-05-28 19:03:34,45202,False,Delayed
cb4abaea,Staging,Z5,M114,R9,2025-05-28 14:03:34,2025-05-28 20:03:34,41091,True,Delayed
e271bc73,Sorting,Z4,M113,R8,2025-05-29 05:03:34,2025-05-29 06:03:34,41042,False,Loaded
c6989bcf,Staging,Z4,M115,R8,2025-05-29 11:03:34,2025-05-29 17:03:34,45212,False,Processing
c72b8e7e,Sorting,Z2,M126,R2,2025-05-28 12:03:34,2025-05-28 18:03:34,41091,False,Processing
99c90034,Dock,Z3,M137,R19,2025-05-29 07:03:34,2025-05-29 09:03:34,45202,False,Waiting
0171f0de,Dock,Z2,M189,R5,2025-05-29 09:03:34,2025-05-29 12:03:34,45229,False,Processing
3b12a76e,Dispatched,Z4,M118,R19,2025-05-28 08:03:34,2025-05-28 13:03:34,45229,False,Delayed
7682e0ea,Dispatched,Z1,M181,R3,2025-05-28 23:03:34,2025-05-29 04:03:34,45229,False,Delayed
fe61a677,Dispatched,Z3,M174,R1,2025-05-28 02:03:34,2025-05-28 04:03:34,45229,False,Loaded
f2c7ec38,Staging,Z5,M150,R7,2025-05-28 21:03:34,2025-05-29 01:03:34,41042,False,Loaded
0949c661,Dock,Z3,M170,R19,2025-05-29 16:03:34,2025-05-30 00:03:34,45212,False,Waiting
944d72e9,Staging,Z1,M180,R15,2025-05-29 23:03:34,2025-05-30 01:03:34,45212,True,Delayed
ab25d0ba,Dispatched,Z1,M154,R7,2025-05-28 04:03:34,2025-05-28 07:03:34,45229,False,Processing
abb4ccdc,Dock,Z1,M183,R12,2025-05-29 08:03:34,2025-05-29 10:03:34,41005,True,Waiting
0818baca,Dispatched,Z3,M192,R8,2025-05-28 21:03:34,2025-05-28 23:03:34,45229,True,Waiting
0c677be6,Sorting,Z4,M109,R5,2025-05-28 11:03:34,2025-05-28 15:03:34,41091,False,Waiting
57cbe92c,Staging,Z3,M115,R14,2025-05-28 04:03:34,2025-05-28 07:03:34,41042,True,Processing
4275cf9d,Dispatched,Z1,M193,R4,2025-05-29 18:03:34,2025-05-30 00:03:34,41005,False,Processing
296ab4c4,Dispatched,Z2,M182,R5,2025-05-29 20:03:34,2025-05-29 21:03:34,41091,True,Delayed
060727b3,Dock,Z2,M180,R5,2025-05-28 22:03:34,2025-05-29 06:03:34,45212,True,Waiting
65c196a3,Staging,Z2,M196,R4,2025-05-28 11:03:34,2025-05-28 18:03:34,41005,False,Loaded
b326eeaf,Sorting,Z2,M135,R3,2025-05-29 09:03:34,2025-05-29 14:03:34,45212,True,Loaded
7b691433,Sorting,Z5,M177,R17,2025-05-29 12:03:34,2025-05-29 19:03:34,41005,True,Processing
9cc33604,Dispatched,Z4,M114,R8,2025-05-28 17:03:34,2025-05-28 19:03:34,41091,True,Loaded
72276567,Dock,Z2,M149,R19,2025-05-28 22:03:34,2025-05-29 04:03:34,41091,True,Delayed
52eef095,Staging,Z1,M175,R3,2025-05-30 00:03:34,2025-05-30 05:03:34,45202,True,Waiting
c57d7a0b,Dispatched,Z5,M136,R17,2025-05-28 22:03:34,2025-05-29 05:03:34,45229,False,Waiting
fb6d44bb,Sorting,Z3,M110,R10,2025-05-29 19:03:34,2025-05-29 23:03:34,45212,True,Loaded
a0eb6eea,Dispatched,Z5,M181,R3,2025-05-29 05:03:34,2025-05-29 12:03:34,45229,True,Waiting
5c96fc63,Sorting,Z1,M155,R4,2025-05-28 19:03:34,2025-05-28 20:03:34,41005,True,Waiting
699ef686,Staging,Z2,M189,R1,2025-05-29 14:03:34,2025-05-29 22:03:34,41005,False,Processing
b30e7d14,Dock,Z2,M195,R9,2025-05-28 02:03:34,2025-05-28 04:03:34,45212,True,Loaded
1768252b,Dispatched,Z3,M167,R3,2025-05-29 08:03:34,2025-05-29 10:03:34,41042,False,Loaded
6ad61b12,Staging,Z4,M172,R6,2025-05-29 01:03:34,2025-05-29 04:03:34,41005,True,Waiting
089eb69a,Sorting,Z5,M100,R2,2025-05-30 00:03:34,2025-05-30 04:03:34,45213,False,Loaded
82539b7c,Dispatched,Z2,M122,R2,2025-05-28 13:03:34,2025-05-28 20:03:34,45202,False,Processing
610c1b83,Dispatched,Z3,M134,R3,2025-05-28 12:03:34,2025-05-28 18:03:34,45213,True,Processing
71fe2454,Sorting,Z5,M105,R13,2025-05-29 20:03:34,2025-05-30 04:03:34,45212,False,Loaded
34d65fea,Dock,Z1,M170,R15,2025-05-30 00:03:34,2025-05-30 06:03:34,45202,False,Loaded
335ef318,Sorting,Z4,M147,R19,2025-05-28 17:03:34,2025-05-28 21:03:34,45229,True,Processing
dc764ff1,Staging,Z4,M103,R8,2025-05-28 14:03:34,2025-05-28 20:03:34,45229,True,Loaded
f613b053,Staging,Z4,M194,R10,2025-05-29 18:03:34,2025-05-29 22:03:34,41091,True,Delayed
ba2ac75c,Dispatched,Z1,M118,R9,2025-05-29 19:03:34,2025-05-29 20:03:34,45202,False,Loaded
5e9db6da,Dispatched,Z1,M174,R4,2025-05-28 16:03:34,2025-05-28 19:03:34,45229,False,Waiting
2c3d94cf,Staging,Z4,M184,R5,2025-05-29 09:03:34,2025-05-29 14:03:34,41005,False,Delayed
dd165033,Dock,Z3,M157,R9,2025-05-29 10:03:34,2025-05-29 12:03:34,45202,True,Waiting
1bfccd7d,Sorting,Z1,M121,R15,2025-05-28 19:03:34,2025-05-29 01:03:34,41042,True,Loaded
f018bd58,Sorting,Z4,M139,R15,2025-05-29 08:03:34,2025-05-29 10:03:34,45213,True,Loaded
3c2f08e8,Staging,Z2,M141,R5,2025-05-29 19:03:34,2025-05-29 23:03:34,41005,False,Waiting
8f1b0088,Dock,Z3,M122,R1,2025-05-28 23:03:34,2025-05-29 07:03:34,41091,True,Waiting
9e530b31,Dispatched,Z1,M117,R4,2025-05-30 00:03:34,2025-05-30 01:03:34,45212,True,Processing
a4fd1cf1,Sorting,Z4,M147,R3,2025-05-28 11:03:34,2025-05-28 16:03:34,45212,True,Waiting
e59128cf,Staging,Z2,M182,R15,2025-05-29 16:03:34,2025-05-29 18:03:34,45212,False,Waiting
dfc9bbd6,Staging,Z4,M106,R6,2025-05-28 12:03:34,2025-05-28 19:03:34,45212,False,Delayed
664b5c88,Staging,Z4,M187,R14,2025-05-29 13:03:34,2025-05-29 19:03:34,45202,True,Loaded
348adaf9,Dock,Z4,M119,R2,2025-05-28 09:03:34,2025-05-28 13:03:34,45229,False,Delayed
e44b3b3f,Dispatched,Z5,M161,R2,2025-05-29 19:03:34,2025-05-30 00:03:34,41042,True,Delayed
fde67ee5,Sorting,Z5,M131,R18,2025-05-29 23:03:34,2025-05-30 06:03:34,45212,False,Delayed
7090a7ff,Dispatched,Z3,M172,R17,2025-05-29 04:03:34,2025-05-29 11:03:34,41005,True,Waiting
62b0f1e2,Dock,Z5,M128,R1,2025-05-29 07:03:34,2025-05-29 08:03:34,45212,False,Loaded
1e23170d,Sorting,Z2,M112,R8,2025-05-28 06:03:34,2025-05-28 10:03:34,41005,True,Processing
4a4f29ac,Dispatched,Z3,M122,R6,2025-05-29 09:03:34,2025-05-29 15:03:34,45212,False,Waiting
d1a14474,Dock,Z5,M172,R5,2025-05-28 12:03:34,2025-05-28 16:03:34,45212,False,Loaded
fde6ef25,Sorting,Z4,M104,R3,2025-05-29 21:03:34,2025-05-30 01:03:34,41091,True,Waiting
5c583e9a,Dispatched,Z1,M142,R20,2025-05-29 12:03:34,2025-05-29 15:03:34,41005,True,Loaded
c6bfd995,Staging,Z1,M118,R19,2025-05-28 03:03:34,2025-05-28 06:03:34,45212,True,Loaded
66b7308f,Staging,Z3,M190,R13,2025-05-28 11:03:34,2025-05-28 13:03:34,41005,False,Loaded
b7531603,Sorting,Z2,M193,R14,2025-05-28 08:03:34,2025-05-28 16:03:34,45229,False,Processing
05a7d830,Dock,Z2,M185,R19,2025-05-29 13:03:34,2025-05-29 20:03:34,41005,False,Processing
4cd41daf,Sorting,Z1,M189,R19,2025-05-28 23:03:34,2025-05-29 00:03:34,45202,False,Processing
c1c966b3,Staging,Z4,M118,R11,2025-05-28 01:03:34,2025-05-28 03:03:34,45202,False,Loaded
8749720d,Sorting,Z1,M190,R11,2025-05-28 20:03:34,2025-05-28 21:03:34,41005,True,Processing
e0ef2890,Staging,Z3,M132,R4,2025-05-28 02:03:34,2025-05-28 03:03:34,45213,False,Delayed
51828f68,Dispatched,Z2,M152,R16,2025-05-29 00:03:34,2025-05-29 06:03:34,41091,False,Waiting
5da1dba0,Dispatched,Z5,M183,R8,2025-05-29 14:03:34,2025-05-29 22:03:34,45213,True,Loaded
bb4e89c0,Staging,Z3,M133,R4,2025-05-29 20:03:34,2025-05-30 02:03:34,45202,False,Processing
f56de9d6,Staging,Z5,M111,R11,2025-05-28 10:03:34,2025-05-28 18:03:34,45229,True,Delayed
43fc6de6,Sorting,Z5,M155,R6,2025-05-29 21:03:34,2025-05-29 23:03:34,41005,True,Processing
e4ae9328,Dispatched,Z5,M192,R18,2025-05-29 08:03:34,2025-05-29 13:03:34,41005,True,Waiting
e2e88bd9,Staging,Z4,M173,R18,2025-05-28 17:03:34,2025-05-28 20:03:34,45213,False,Waiting
800fd5cc,Dispatched,Z1,M137,R20,2025-05-28 18:03:34,2025-05-28 22:03:34,45213,True,Processing
4227f66b,Sorting,Z3,M110,R16,2025-05-29 17:03:34,2025-05-29 22:03:34,45212,False,Delayed
12e068d2,Dispatched,Z3,M111,R18,2025-05-29 00:03:34,2025-05-29 03:03:34,41005,False,Loaded
4417a9b8,Sorting,Z4,M105,R9,2025-05-28 20:03:34,2025-05-29 04:03:34,41005,True,Loaded
41545b88,Staging,Z2,M196,R4,2025-05-29 19:03:34,2025-05-30 01:03:34,45212,False,Processing
0b7f87cb,Staging,Z4,M166,R14,2025-05-28 14:03:34,2025-05-28 22:03:34,41091,True,Delayed
b4320765,Dock,Z1,M150,R2,2025-05-28 16:03:34,2025-05-28 19:03:34,45213,False,Processing
7031714b,Sorting,Z2,M124,R5,2025-05-29 22:03:34,2025-05-30 05:03:34,45213,False,Processing
f8b4c4b0,Sorting,Z5,M133,R11,2025-05-28 02:03:34,2025-05-28 04:03:34,45213,False,Delayed
95d6516d,Dock,Z3,M166,R15,2025-05-30 00:03:34,2025-05-30 07:03:34,45213,False,Processing
4de3f4a9,Sorting,Z5,M175,R19,2025-05-29 18:03:34,2025-05-29 20:03:34,41091,True,Loaded
e75d57a8,Dock,Z4,M133,R13,2025-05-28 07:03:34,2025-05-28 15:03:34,41091,False,Waiting
28ba9220,Sorting,Z3,M151,R5,2025-05-28 09:03:34,2025-05-28 16:03:34,45213,False,Loaded
d45e7723,Sorting,Z1,M195,R16,2025-05-29 07:03:34,2025-05-29 13:03:34,45213,False,Loaded
20b1f727,Dock,Z3,M162,R4,2025-05-29 10:03:34,2025-05-29 13:03:34,41005,False,Loaded
8c6a5076,Dock,Z4,M177,R3,2025-05-29 12:03:34,2025-05-29 20:03:34,45202,False,Delayed
511d9bfd,Dock,Z1,M165,R6,2025-05-29 20:03:34,2025-05-30 01:03:34,45229,False,Processing
dd88ec51,Staging,Z2,M124,R7,2025-05-29 21:03:34,2025-05-30 01:03:34,45213,False,Waiting
0367b727,Dock,Z2,M135,R12,2025-05-28 19:03:34,2025-05-29 02:03:34,45229,True,Waiting
e98db215,Sorting,Z3,M162,R20,2025-05-28 20:03:34,2025-05-28 23:03:34,45212,False,Loaded
cad66ccb,Dock,Z2,M133,R3,2025-05-29 06:03:34,2025-05-29 07:03:34,41042,True,Processing
03a66d24,Sorting,Z2,M182,R8,2025-05-28 05:03:34,2025-05-28 09:03:34,41005,False,Waiting
261666a1,Staging,Z4,M116,R6,2025-05-28 10:03:34,2025-05-28 11:03:34,45202,False,Loaded
8ea0c0cc,Dock,Z4,M148,R12,2025-05-28 19:03:34,2025-05-29 00:03:34,45202,False,Loaded
6639ce23,Dispatched,Z5,M113,R1,2025-05-28 16:03:34,2025-05-28 22:03:34,41091,False,Loaded
08ccc7b2,Staging,Z4,M108,R11,2025-05-29 07:03:34,2025-05-29 13:03:34,45212,False,Loaded
1bffa39f,Dock,Z2,M119,R17,2025-05-29 09:03:34,2025-05-29 10:03:34,45212,False,Loaded
ce6667c5,Sorting,Z1,M183,R16,2025-05-29 06:03:34,2025-05-29 11:03:34,41042,False,Delayed
c20eebd7,Staging,Z5,M190,R19,2025-05-29 12:03:34,2025-05-29 18:03:34,45229,True,Delayed
1ca2611b,Dock,Z5,M138,R6,2025-05-28 06:03:34,2025-05-28 09:03:34,41005,True,Delayed
147ca6c9,Sorting,Z3,M192,R18,2025-05-29 13:03:34,2025-05-29 19:03:34,45229,True,Processing
1a7c1abf,Dock,Z2,M195,R10,2025-05-28 22:03:34,2025-05-29 04:03:34,41005,False,Loaded
1514eef3,Dispatched,Z1,M160,R2,2025-05-28 08:03:34,2025-05-28 10:03:34,41042,True,Waiting
17ed2744,Dispatched,Z5,M138,R14,2025-05-29 21:03:34,2025-05-30 00:03:34,45202,True,Loaded
4a41b7a4,Dispatched,Z5,M158,R5,2025-05-29 04:03:34,2025-05-29 07:03:34,45212,True,Delayed
ee34c411,Dock,Z2,M140,R2,2025-05-30 00:03:34,2025-05-30 08:03:34,41005,True,Processing
d5a37ffb,Sorting,Z4,M197,R3,2025-05-29 16:03:34,2025-05-29 23:03:34,45229,False,Delayed
3dee3a23,Dispatched,Z4,M149,R1,2025-05-29 22:03:34,2025-05-30 02:03:34,45229,False,Waiting
d1a5b027,Dock,Z5,M124,R1,2025-05-28 05:03:34,2025-05-28 06:03:34,45229,True,Processing
016a3570,Dock,Z3,M116,R4,2025-05-29 00:03:34,2025-05-29 05:03:34,45202,True,Waiting
b8889af0,Dock,Z3,M158,R17,2025-05-28 10:03:34,2025-05-28 16:03:34,41042,True,Loaded
382ebc65,Dispatched,Z3,M196,R7,2025-05-29 14:03:34,2025-05-29 21:03:34,45213,True,Processing
ae5f2507,Sorting,Z2,M193,R1,2025-05-28 11:03:34,2025-05-28 14:03:34,45213,False,Waiting
0dd5f0cb,Dispatched,Z3,M198,R18,2025-05-28 09:03:34,2025-05-28 10:03:34,41091,True,Waiting
f761ba49,Staging,Z1,M188,R4,2025-05-28 22:03:34,2025-05-29 06:03:34,41042,True,Loaded
d213ade7,Dispatched,Z2,M126,R1,2025-05-29 05:03:34,2025-05-29 12:03:34,45229,True,Loaded
b7e9ccaf,Sorting,Z4,M113,R17,2025-05-28 02:03:34,2025-05-28 04:03:34,41005,True,Waiting
34076462,Dispatched,Z2,M177,R7,2025-05-29 08:03:34,2025-05-29 12:03:34,41005,False,Loaded
9b33e65a,Sorting,Z1,M170,R16,2025-05-29 11:03:34,2025-05-29 19:03:34,41005,True,Waiting
e5be654e,Staging,Z1,M114,R19,2025-05-28 06:03:34,2025-05-28 14:03:34,45202,True,Waiting
bf326fc8,Staging,Z3,M182,R8,2025-05-28 19:03:34,2025-05-29 00:03:34,41005,False,Waiting
aab40807,Staging,Z2,M105,R10,2025-05-29 01:03:34,2025-05-29 07:03:34,41042,True,Waiting
7be3325c,Staging,Z1,M117,R6,2025-05-29 03:03:34,2025-05-29 09:03:34,41042,False,Waiting
6a48a70d,Dock,Z3,M123,R4,2025-05-28 23:03:34,2025-05-29 06:03:34,41042,False,Delayed
c3afc66d,Dispatched,Z4,M183,R6,2025-05-29 17:03:34,2025-05-29 20:03:34,45229,True,Processing
7c56d491,Staging,Z4,M175,R16,2025-05-28 12:03:34,2025-05-28 20:03:34,45202,False,Loaded
30f3ce91,Staging,Z2,M161,R16,2025-05-29 17:03:34,2025-05-30 00:03:34,41042,True,Waiting
23f133a5,Dock,Z3,M101,R17,2025-05-28 01:03:34,2025-05-28 05:03:34,45229,False,Waiting
f23dfae2,Dispatched,Z2,M161,R12,2025-05-28 06:03:34,2025-05-28 13:03:34,45202,True,Waiting
a3cf0fc1,Sorting,Z5,M160,R16,2025-05-29 14:03:34,2025-05-29 16:03:34,45212,False,Loaded
9a988f86,Sorting,Z3,M135,R2,2025-05-28 16:03:34,2025-05-28 20:03:34,41091,False,Delayed
5511bb6c,Sorting,Z1,M158,R15,2025-05-28 12:03:34,2025-05-28 20:03:34,45213,False,Delayed
275b519f,Dock,Z1,M163,R1,2025-05-29 18:03:34,2025-05-30 01:03:34,41042,True,Waiting
7d03fe58,Staging,Z5,M179,R10,2025-05-28 16:03:34,2025-05-28 20:03:34,45229,False,Loaded
8000f49b,Dock,Z1,M128,R15,2025-05-29 03:03:34,2025-05-29 11:03:34,45229,False,Delayed
8171708b,Staging,Z1,M197,R8,2025-05-30 00:03:34,2025-05-30 06:03:34,41005,False,Loaded
4bc0cbe2,Staging,Z1,M121,R16,2025-05-29 16:03:34,2025-05-29 23:03:34,45213,False,Processing
00ff5f67,Sorting,Z1,M150,R7,2025-05-28 19:03:34,2025-05-28 23:03:34,45229,False,Waiting
2f6c631a,Dispatched,Z1,M181,R19,2025-05-29 17:03:34,2025-05-30 01:03:34,41042,True,Delayed
5028a192,Staging,Z5,M194,R2,2025-05-28 13:03:34,2025-05-28 20:03:34,45212,False,Processing
2c67459d,Sorting,Z2,M113,R13,2025-05-28 06:03:34,2025-05-28 12:03:34,41091,False,Delayed
5f9aa488,Sorting,Z3,M150,R11,2025-05-29 06:03:34,2025-05-29 14:03:34,45212,True,Processing
30e85fc0,Dispatched,Z5,M189,R17,2025-05-29 05:03:34,2025-05-29 11:03:34,45229,True,Processing
93c34b16,Sorting,Z5,M191,R10,2025-05-28 05:03:34,2025-05-28 11:03:34,45229,True,Processing
569909ab,Dock,Z1,M197,R12,2025-05-28 13:03:34,2025-05-28 21:03:34,41091,False,Loaded
af655375,Dispatched,Z1,M166,R4,2025-05-29 23:03:34,2025-05-30 06:03:34,45202,True,Waiting
921ed0e1,Sorting,Z3,M196,R6,2025-05-29 06:03:34,2025-05-29 11:03:34,45202,True,Loaded
9c0607dc,Sorting,Z5,M104,R12,2025-05-28 20:03:34,2025-05-28 22:03:34,41091,True,Delayed
f8b17b11,Sorting,Z5,M189,R10,2025-05-28 04:03:34,2025-05-28 05:03:34,41042,False,Delayed
7f487523,Dock,Z5,M106,R1,2025-05-28 01:03:34,2025-05-28 06:03:34,45202,False,Processing
c34fd7a9,Dock,Z5,M169,R20,2025-05-29 12:03:34,2025-05-29 16:03:34,41005,False,Processing
bbbee234,Staging,Z2,M122,R17,2025-05-29 17:03:34,2025-05-30 00:03:34,45213,False,Loaded
0dd1087c,Dock,Z2,M120,R19,2025-05-29 08:03:34,2025-05-29 09:03:34,41005,False,Processing
a6741c2d,Staging,Z2,M141,R20,2025-05-29 21:03:34,2025-05-30 02:03:34,41042,False,Waiting
e04c2bcf,Dock,Z5,M128,R6,2025-05-28 15:03:34,2025-05-28 17:03:34,45212,True,Delayed
ed17ea6e,Dispatched,Z1,M144,R8,2025-05-29 11:03:34,2025-05-29 17:03:34,41005,False,Loaded
e7913a2a,Sorting,Z5,M167,R16,2025-05-28 13:03:34,2025-05-28 14:03:34,45213,False,Delayed
8b7489ef,Sorting,Z5,M179,R8,2025-05-29 22:03:34,2025-05-30 04:03:34,41042,True,Delayed
09042f61,Dock,Z5,M192,R10,2025-05-29 23:03:34,2025-05-30 05:03:34,41091,False,Delayed
12893b43,Staging,Z3,M183,R7,2025-05-29 04:03:34,2025-05-29 06:03:34,45213,True,Waiting
9f25178e,Staging,Z2,M185,R7,2025-05-28 05:03:34,2025-05-28 12:03:34,45212,True,Processing
a3debb9e,Dispatched,Z1,M195,R5,2025-05-29 23:03:34,2025-05-30 07:03:34,45229,False,Waiting
2ac7dc69,Staging,Z1,M106,R6,2025-05-29 08:03:34,2025-05-29 10:03:34,41091,True,Loaded
d4f19d33,Dispatched,Z4,M157,R13,2025-05-28 21:03:34,2025-05-29 03:03:34,45213,False,Waiting
43e85a2b,Staging,Z5,M108,R19,2025-05-29 22:03:34,2025-05-30 00:03:34,41005,True,Loaded
55848a4b,Dock,Z5,M111,R10,2025-05-28 20:03:34,2025-05-29 03:03:34,41042,True,Delayed
5f03a865,Sorting,Z5,M128,R5,2025-05-28 01:03:34,2025-05-28 08:03:34,45212,False,Processing
644bcf9f,Dock,Z3,M101,R18,2025-05-28 13:03:34,2025-05-28 16:03:34,45213,True,Waiting
1cf98c45,Dispatched,Z5,M170,R3,2025-05-29 05:03:34,2025-05-29 09:03:34,45229,False,Processing
ab104acc,Dispatched,Z5,M118,R6,2025-05-29 13:03:34,2025-05-29 17:03:34,41091,False,Processing
d65e2e5a,Staging,Z2,M185,R19,2025-05-29 21:03:34,2025-05-30 05:03:34,45229,True,Loaded
f49d80af,Staging,Z3,M112,R7,2025-05-28 02:03:34,2025-05-28 10:03:34,41005,False,Processing
a6812c12,Sorting,Z1,M136,R20,2025-05-29 20:03:34,2025-05-30 00:03:34,41005,False,Delayed
2e363805,Dock,Z5,M184,R10,2025-05-28 04:03:34,2025-05-28 07:03:34,41091,False,Loaded
d1a2be67,Dispatched,Z2,M100,R11,2025-05-29 09:03:34,2025-05-29 13:03:34,45229,False,Loaded
bf690933,Dock,Z2,M186,R11,2025-05-28 18:03:34,2025-05-29 02:03:34,41042,False,Loaded
c1908df1,Dispatched,Z5,M113,R6,2025-05-28 07:03:34,2025-05-28 09:03:34,45212,False,Processing
f680b535,Sorting,Z3,M193,R3,2025-05-28 02:03:34,2025-05-28 04:03:34,45213,True,Delayed
e093828a,Sorting,Z1,M170,R9,2025-05-28 14:03:34,2025-05-28 22:03:34,45229,True,Loaded
7ad2d0d1,Dispatched,Z2,M198,R19,2025-05-28 02:03:34,2025-05-28 07:03:34,45202,False,Waiting
800f98c1,Dispatched,Z3,M164,R1,2025-05-28 06:03:34,2025-05-28 10:03:34,45212,True,Processing
ab96aaae,Dispatched,Z2,M122,R19,2025-05-28 12:03:34,2025-05-28 15:03:34,45229,False,Loaded
a8404d72,Staging,Z2,M197,R16,2025-05-29 10:03:34,2025-05-29 12:03:34,41005,False,Processing
091f94d6,Staging,Z2,M166,R12,2025-05-29 00:03:34,2025-05-29 08:03:34,41042,True,Waiting
c452bb34,Dock,Z1,M190,R17,2025-05-28 08:03:34,2025-05-28 13:03:34,45212,False,Processing
09f0e163,Dispatched,Z4,M146,R19,2025-05-28 07:03:34,2025-05-28 09:03:34,41091,False,Delayed
6f06c290,Sorting,Z5,M151,R12,2025-05-29 02:03:34,2025-05-29 10:03:34,45212,False,Waiting
6ab48d3b,Sorting,Z4,M121,R8,2025-05-29 20:03:34,2025-05-30 01:03:34,45202,True,Processing
af1a29e5,Sorting,Z3,M177,R4,2025-05-28 06:03:34,2025-05-28 10:03:34,41042,False,Waiting
59cf6065,Dispatched,Z4,M161,R7,2025-05-28 11:03:34,2025-05-28 14:03:34,45229,False,Waiting
386384cc,Sorting,Z1,M116,R19,2025-05-28 11:03:34,2025-05-28 14:03:34,45202,True,Processing
df0bdfa7,Staging,Z2,M133,R6,2025-05-28 15:03:34,2025-05-28 22:03:34,41091,True,Loaded
d761766a,Staging,Z2,M157,R20,2025-05-28 18:03:34,2025-05-29 02:03:34,45202,True,Delayed
3c09b8b5,Sorting,Z5,M198,R6,2025-05-28 09:03:34,2025-05-28 14:03:34,45202,False,Delayed
23fbbf5c,Staging,Z2,M148,R13,2025-05-29 16:03:34,2025-05-29 18:03:34,45213,True,Delayed
bdee4a68,Sorting,Z5,M112,R6,2025-05-28 18:03:34,2025-05-28 19:03:34,45212,True,Waiting
e0a4f88d,Dispatched,Z2,M177,R18,2025-05-30 00:03:34,2025-05-30 07:03:34,41091,False,Loaded
27bf644c,Staging,Z5,M154,R8,2025-05-28 18:03:34,2025-05-29 01:03:34,41005,True,Delayed
310c97b7,Sorting,Z3,M161,R8,2025-05-29 19:03:34,2025-05-30 00:03:34,41091,False,Loaded
30a32f63,Sorting,Z1,M190,R1,2025-05-28 12:03:34,2025-05-28 14:03:34,41091,True,Delayed
f328a616,Sorting,Z3,M152,R12,2025-05-29 18:03:34,2025-05-29 21:03:34,41042,False,Loaded
9c43050b,Dispatched,Z5,M146,R20,2025-05-29 07:03:34,2025-05-29 14:03:34,45212,True,Delayed
1ad148a5,Dispatched,Z2,M147,R18,2025-05-28 13:03:34,2025-05-28 21:03:34,41005,False,Loaded
5b6ce7af,Dispatched,Z2,M184,R4,2025-05-28 01:03:34,2025-05-28 05:03:34,41042,True,Waiting
3da4bd1c,Sorting,Z5,M151,R11,2025-05-28 13:03:34,2025-05-28 14:03:34,45202,False,Waiting
41468094,Staging,Z2,M160,R20,2025-05-28 21:03:34,2025-05-28 23:03:34,45213,False,Processing
8313760e,Dock,Z1,M177,R2,2025-05-28 02:03:34,2025-05-28 09:03:34,41042,False,Waiting
48dfd873,Sorting,Z4,M156,R1,2025-05-29 12:03:34,2025-05-29 17:03:34,45202,True,Processing
74aa7f87,Sorting,Z1,M146,R8,2025-05-28 07:03:34,2025-05-28 08:03:34,45202,True,Loaded
cf3fae3b,Dispatched,Z3,M185,R13,2025-05-28 23:03:34,2025-05-29 03:03:34,41091,True,Waiting
7de676c9,Staging,Z5,M136,R18,2025-05-28 11:03:34,2025-05-28 17:03:34,41005,False,Processing
c1e3d814,Sorting,Z4,M151,R19,2025-05-30 00:03:34,2025-05-30 05:03:34,45202,False,Waiting
896cb72b,Staging,Z5,M137,R11,2025-05-29 17:03:34,2025-05-29 22:03:34,41091,False,Delayed
2306e5a5,Dispatched,Z5,M161,R8,2025-05-29 03:03:34,2025-05-29 11:03:34,45229,False,Waiting
f8893870,Dispatched,Z1,M133,R3,2025-05-29 00:03:34,2025-05-29 04:03:34,45229,True,Loaded
6e8b98b0,Dispatched,Z3,M166,R18,2025-05-30 00:03:34,2025-05-30 05:03:34,45202,False,Waiting
8bf60266,Dispatched,Z3,M109,R18,2025-05-29 13:03:34,2025-05-29 21:03:34,41005,False,Processing
395e2cab,Dock,Z2,M195,R7,2025-05-28 17:03:34,2025-05-28 21:03:34,45202,True,Loaded
84a5913d,Sorting,Z2,M125,R8,2025-05-28 09:03:34,2025-05-28 15:03:34,45202,True,Waiting
f5bb341b,Staging,Z4,M178,R1,2025-05-28 14:03:34,2025-05-28 15:03:34,45212,False,Loaded
f58fafd5,Dock,Z4,M173,R9,2025-05-28 17:03:34,2025-05-28 20:03:34,45212,False,Delayed
56d3a121,Sorting,Z5,M116,R2,2025-05-28 15:03:34,2025-05-28 22:03:34,41042,True,Loaded
4ae26271,Dispatched,Z2,M158,R4,2025-05-28 04:03:34,2025-05-28 12:03:34,41005,True,Waiting
b57e0f5a,Sorting,Z4,M174,R4,2025-05-29 04:03:34,2025-05-29 10:03:34,41091,False,Processing
fd5ce837,Dock,Z2,M134,R16,2025-05-28 09:03:34,2025-05-28 15:03:34,41005,True,Delayed
0cb0bd30,Dispatched,Z2,M153,R12,2025-05-29 01:03:34,2025-05-29 08:03:34,41005,False,Processing
c0992510,Sorting,Z5,M187,R8,2025-05-29 18:03:34,2025-05-29 23:03:34,45212,True,Delayed
76d2b6fb,Dispatched,Z2,M118,R5,2025-05-28 18:03:34,2025-05-28 19:03:34,45202,False,Delayed
5ba1c4c8,Sorting,Z5,M168,R11,2025-05-28 17:03:34,2025-05-28 22:03:34,41005,True,Delayed
5266df42,Staging,Z2,M107,R7,2025-05-29 08:03:34,2025-05-29 16:03:34,45212,True,Delayed
03068a00,Dock,Z3,M146,R12,2025-05-28 13:03:34,2025-05-28 18:03:34,41005,True,Delayed
1a801bee,Staging,Z3,M186,R20,2025-05-29 12:03:34,2025-05-29 15:03:34,45212,False,Loaded
25a3ec46,Dock,Z5,M162,R15,2025-05-29 19:03:34,2025-05-30 02:03:34,41091,False,Delayed
3a2c6833,Sorting,Z2,M181,R11,2025-05-28 22:03:34,2025-05-29 05:03:34,45212,True,Waiting
0452b99e,Sorting,Z3,M129,R11,2025-05-29 04:03:34,2025-05-29 09:03:34,45229,False,Delayed
bd592c9d,Dock,Z4,M199,R12,2025-05-28 01:03:34,2025-05-28 09:03:34,41042,True,Processing
fd6db0d2,Staging,Z2,M193,R8,2025-05-28 06:03:34,2025-05-28 11:03:34,45229,True,Processing
0a1b39df,Sorting,Z4,M113,R4,2025-05-29 20:03:34,2025-05-30 04:03:34,41091,True,Waiting
aebebbef,Dispatched,Z5,M197,R3,2025-05-29 18:03:34,2025-05-29 23:03:34,41091,True,Waiting
8e3a0882,Dispatched,Z3,M129,R8,2025-05-28 01:03:34,2025-05-28 06:03:34,41042,True,Processing
9551de39,Sorting,Z1,M104,R12,2025-05-29 04:03:34,2025-05-29 12:03:34,41042,False,Delayed
bc152388,Sorting,Z5,M122,R19,2025-05-28 10:03:34,2025-05-28 18:03:34,45229,False,Loaded
5681a9e9,Dock,Z4,M169,R8,2025-05-29 19:03:34,2025-05-30 03:03:34,41005,False,Delayed
12454666,Dock,Z2,M138,R1,2025-05-30 00:03:34,2025-05-30 03:03:34,41005,False,Delayed
31438b70,Staging,Z4,M196,R16,2025-05-29 05:03:34,2025-05-29 06:03:34,45212,False,Loaded
3a30005b,Sorting,Z1,M170,R12,2025-05-29 12:03:34,2025-05-29 19:03:34,41091,False,Delayed
2c9f2ca0,Sorting,Z2,M191,R13,2025-05-29 00:03:34,2025-05-29 04:03:34,41005,True,Delayed
a9608417,Sorting,Z5,M197,R20,2025-05-28 04:03:34,2025-05-28 09:03:34,41005,False,Delayed
31e9d420,Sorting,Z1,M123,R5,2025-05-29 06:03:34,2025-05-29 08:03:34,45229,False,Delayed
4d8a0104,Dock,Z5,M162,R7,2025-05-29 04:03:34,2025-05-29 05:03:34,45202,True,Waiting
dcc919bf,Sorting,Z1,M136,R9,2025-05-29 16:03:34,2025-05-30 00:03:34,45229,True,Processing
eb711a80,Staging,Z2,M101,R16,2025-05-29 11:03:34,2025-05-29 17:03:34,41042,False,Delayed
e67af3f9,Dock,Z4,M189,R2,2025-05-29 03:03:34,2025-05-29 05:03:34,45212,True,Waiting
56e65b73,Dock,Z4,M109,R18,2025-05-28 18:03:34,2025-05-28 21:03:34,45202,False,Delayed
9ab1bc7a,Staging,Z1,M198,R8,2025-05-29 00:03:34,2025-05-29 08:03:34,45202,True,Processing
b771a53c,Dispatched,Z1,M166,R7,2025-05-28 18:03:34,2025-05-29 01:03:34,45229,False,Loaded
521ad78d,Sorting,Z1,M195,R18,2025-05-28 15:03:34,2025-05-28 17:03:34,41005,False,Loaded
bb8aeef0,Sorting,Z3,M106,R7,2025-05-29 17:03:34,2025-05-29 21:03:34,45229,False,Loaded
31a698df,Staging,Z2,M135,R19,2025-05-29 17:03:34,2025-05-30 00:03:34,45212,True,Waiting
f0fef4f9,Staging,Z5,M188,R16,2025-05-28 04:03:34,2025-05-28 07:03:34,41005,True,Processing
6d8596b0,Sorting,Z4,M111,R20,2025-05-29 03:03:34,2025-05-29 04:03:34,45213,False,Processing
99f78940,Staging,Z2,M162,R8,2025-05-29 04:03:34,2025-05-29 10:03:34,45212,False,Processing
9a78ac2e,Staging,Z4,M145,R5,2025-05-29 08:03:34,2025-05-29 09:03:34,41042,False,Loaded
c48aa488,Dispatched,Z2,M172,R6,2025-05-28 14:03:34,2025-05-28 20:03:34,41005,False,Loaded
734de209,Sorting,Z1,M167,R5,2025-05-28 20:03:34,2025-05-29 01:03:34,45212,False,Loaded
5e7d3329,Dispatched,Z1,M199,R17,2025-05-29 00:03:34,2025-05-29 03:03:34,45213,False,Processing
bd02550e,Dock,Z1,M184,R18,2025-05-29 00:03:34,2025-05-29 04:03:34,41091,False,Processing
a22815d9,Dock,Z3,M152,R11,2025-05-29 17:03:34,2025-05-29 19:03:34,41091,True,Waiting
e5ee3245,Sorting,Z2,M104,R7,2025-05-29 18:03:34,2025-05-30 02:03:34,45202,True,Waiting
04cec665,Dispatched,Z4,M167,R20,2025-05-28 04:03:34,2025-05-28 09:03:34,45213,False,Processing
5ff999a5,Staging,Z1,M126,R16,2025-05-29 19:03:34,2025-05-30 03:03:34,45212,True,Loaded
6cd491bb,Dispatched,Z3,M190,R2,2025-05-28 09:03:34,2025-05-28 14:03:34,41091,True,Waiting
870879f3,Dock,Z1,M127,R17,2025-05-29 18:03:34,2025-05-29 20:03:34,45229,True,Delayed
44469e90,Sorting,Z2,M167,R8,2025-05-28 12:03:34,2025-05-28 15:03:34,41091,False,Waiting
121f6508,Dock,Z4,M189,R14,2025-05-29 18:03:34,2025-05-29 21:03:34,45212,True,Delayed
318871b9,Dock,Z2,M168,R20,2025-05-28 20:03:34,2025-05-29 02:03:34,41005,False,Loaded
33d27ed3,Dispatched,Z4,M192,R11,2025-05-28 10:03:34,2025-05-28 14:03:34,41091,True,Delayed
c72e95ad,Dock,Z3,M157,R15,2025-05-28 23:03:34,2025-05-29 00:03:34,45229,True,Loaded
62d8e0f9,Staging,Z5,M117,R10,2025-05-30 00:03:34,2025-05-30 05:03:34,45202,True,Loaded
ab535ee5,Staging,Z3,M170,R17,2025-05-28 13:03:34,2025-05-28 16:03:34,45213,True,Delayed
b1f09cfb,Dock,Z2,M117,R9,2025-05-29 01:03:34,2025-05-29 05:03:34,45202,False,Loaded
cc1da59d,Staging,Z5,M151,R19,2025-05-29 11:03:34,2025-05-29 13:03:34,45229,False,Delayed
765932c0,Sorting,Z4,M188,R19,2025-05-29 18:03:34,2025-05-29 23:03:34,45213,False,Waiting
c6e9166e,Staging,Z3,M144,R14,2025-05-28 22:03:34,2025-05-29 00:03:34,45212,True,Waiting
2aa15713,Dispatched,Z1,M139,R17,2025-05-29 22:03:34,2025-05-30 04:03:34,41091,True,Loaded
a6464ada,Sorting,Z2,M106,R13,2025-05-28 20:03:34,2025-05-28 22:03:34,45202,False,Loaded
da2506ce,Dispatched,Z2,M116,R11,2025-05-29 19:03:34,2025-05-30 03:03:34,41091,True,Delayed
c28f8aa6,Dock,Z1,M151,R17,2025-05-28 21:03:34,2025-05-29 00:03:34,45212,True,Delayed
7fef3a69,Sorting,Z4,M150,R19,2025-05-29 12:03:34,2025-05-29 16:03:34,45202,True,Loaded
30dbcf76,Dispatched,Z3,M187,R19,2025-05-29 19:03:34,2025-05-29 21:03:34,45229,False,Delayed
620f81d3,Dock,Z3,M124,R11,2025-05-29 02:03:34,2025-05-29 03:03:34,45212,False,Processing
46b90475,Dock,Z5,M156,R20,2025-05-29 15:03:34,2025-05-29 23:03:34,45213,True,Processing
b60bb5ba,Dock,Z2,M196,R3,2025-05-29 17:03:34,2025-05-29 18:03:34,45202,True,Loaded
d6196173,Staging,Z3,M188,R4,2025-05-29 05:03:34,2025-05-29 13:03:34,41042,True,Loaded
58ca3e01,Sorting,Z5,M127,R7,2025-05-28 14:03:34,2025-05-28 19:03:34,41091,False,Processing
2ecb9ca3,Staging,Z4,M174,R17,2025-05-29 22:03:34,2025-05-30 03:03:34,45202,True,Loaded
7c289a99,Sorting,Z5,M134,R2,2025-05-28 19:03:34,2025-05-28 20:03:34,45213,False,Loaded
c8246e08,Dock,Z1,M102,R10,2025-05-28 07:03:34,2025-05-28 14:03:34,45202,False,Waiting
d11e7fcd,Dock,Z4,M176,R18,2025-05-29 19:03:34,2025-05-29 22:03:34,45202,False,Waiting
d557a02b,Staging,Z2,M167,R10,2025-05-29 03:03:34,2025-05-29 11:03:34,41042,True,Waiting
a6af03f5,Dock,Z3,M145,R10,2025-05-29 09:03:34,2025-05-29 14:03:34,45212,True,Loaded
89369950,Dispatched,Z1,M171,R9,2025-05-29 10:03:34,2025-05-29 13:03:34,41005,False,Processing
fae97339,Staging,Z4,M166,R20,2025-05-28 08:03:34,2025-05-28 12:03:34,41042,True,Processing
3d80d221,Dispatched,Z3,M177,R11,2025-05-28 20:03:34,2025-05-28 23:03:34,45202,True,Processing
9520cd23,Sorting,Z3,M188,R17,2025-05-29 16:03:34,2025-05-29 23:03:34,45212,True,Processing
28aca9f6,Dock,Z1,M171,R18,2025-05-28 02:03:34,2025-05-28 04:03:34,45202,False,Processing
14bd0017,Staging,Z3,M152,R14,2025-05-29 05:03:34,2025-05-29 13:03:34,45229,False,Processing
430f968e,Sorting,Z1,M116,R6,2025-05-29 23:03:34,2025-05-30 04:03:34,41091,True,Processing
7bf6f0d7,Sorting,Z1,M145,R3,2025-05-28 04:03:34,2025-05-28 12:03:34,45202,False,Loaded
08839ece,Sorting,Z4,M162,R16,2025-05-29 16:03:34,2025-05-29 19:03:34,45202,True,Waiting
7083731c,Dispatched,Z1,M134,R14,2025-05-29 10:03:34,2025-05-29 14:03:34,45212,True,Waiting
aefb00cc,Sorting,Z4,M178,R16,2025-05-28 04:03:34,2025-05-28 10:03:34,45212,False,Processing
10180f87,Dispatched,Z4,M199,R2,2025-05-28 10:03:34,2025-05-28 17:03:34,45229,False,Delayed
57743eab,Staging,Z5,M113,R15,2025-05-28 19:03:34,2025-05-28 20:03:34,45202,False,Waiting
37a8fe1e,Dispatched,Z5,M197,R2,2025-05-29 12:03:34,2025-05-29 17:03:34,41042,False,Loaded
227c5935,Dock,Z4,M121,R14,2025-05-29 06:03:34,2025-05-29 07:03:34,45229,True,Delayed
d017e2dc,Dispatched,Z1,M192,R17,2025-05-29 17:03:34,2025-05-29 20:03:34,45212,True,Delayed
aa867f97,Dispatched,Z3,M157,R1,2025-05-29 13:03:34,2025-05-29 21:03:34,41091,True,Delayed
6936385a,Staging,Z3,M141,R6,2025-05-28 03:03:34,2025-05-28 05:03:34,45213,True,Delayed
68e3ba3b,Dock,Z1,M167,R13,2025-05-28 02:03:34,2025-05-28 05:03:34,41042,False,Waiting
75f95975,Sorting,Z3,M172,R5,2025-05-29 14:03:34,2025-05-29 17:03:34,45202,True,Delayed
31ac520c,Dock,Z3,M193,R15,2025-05-29 06:03:34,2025-05-29 09:03:34,45213,True,Processing
795dbb60,Staging,Z5,M197,R9,2025-05-30 00:03:34,2025-05-30 08:03:34,41042,False,Waiting
e60fd4eb,Dispatched,Z2,M127,R19,2025-05-28 06:03:34,2025-05-28 14:03:34,41042,False,Delayed
e27a0eaf,Staging,Z5,M176,R1,2025-05-29 09:03:34,2025-05-29 14:03:34,41091,True,Waiting
0bb284e7,Sorting,Z2,M107,R12,2025-05-29 22:03:34,2025-05-30 01:03:34,45212,True,Loaded
573b56aa,Dock,Z1,M106,R4,2025-05-28 22:03:34,2025-05-29 01:03:34,45202,False,Processing
63484c93,Dispatched,Z5,M146,R2,2025-05-29 19:03:34,2025-05-30 00:03:34,41005,False,Delayed
091896d3,Staging,Z4,M170,R3,2025-05-29 06:03:34,2025-05-29 14:03:34,45202,True,Loaded
00d8fa14,Dock,Z5,M152,R17,2025-05-29 11:03:34,2025-05-29 15:03:34,41091,True,Waiting
e5940c64,Staging,Z4,M192,R20,2025-05-28 03:03:34,2025-05-28 08:03:34,41042,False,Loaded
53859cd7,Dock,Z2,M178,R19,2025-05-28 17:03:34,2025-05-29 01:03:34,41042,True,Processing
d4071cb9,Dock,Z2,M100,R4,2025-05-29 23:03:34,2025-05-30 07:03:34,45229,True,Processing
def6fdfb,Dispatched,Z4,M105,R11,2025-05-29 02:03:34,2025-05-29 06:03:34,45213,True,Loaded
2a7f07b7,Dock,Z1,M139,R10,2025-05-28 16:03:34,2025-05-28 22:03:34,45212,True,Waiting
e15e9dd3,Dock,Z3,M150,R19,2025-05-28 09:03:34,2025-05-28 10:03:34,45212,True,Processing
0ae674f3,Dock,Z3,M186,R16,2025-05-28 18:03:34,2025-05-28 19:03:34,45229,True,Delayed
1a0839af,Sorting,Z4,M168,R11,2025-05-28 19:03:34,2025-05-29 02:03:34,45229,True,Loaded
318a2d25,Dock,Z5,M168,R1,2025-05-29 11:03:34,2025-05-29 17:03:34,45212,False,Waiting
d908c4db,Sorting,Z3,M103,R11,2025-05-29 00:03:34,2025-05-29 03:03:34,41091,False,Processing
af3e3a60,Staging,Z3,M190,R11,2025-05-28 03:03:34,2025-05-28 04:03:34,41005,False,Waiting
ee7ced4a,Dispatched,Z2,M147,R15,2025-05-29 05:03:34,2025-05-29 09:03:34,41091,False,Processing
a42614cf,Staging,Z3,M104,R7,2025-05-29 19:03:34,2025-05-30 03:03:34,41091,True,Delayed
34c5ee8e,Sorting,Z2,M143,R16,2025-05-28 02:03:34,2025-05-28 07:03:34,45212,False,Processing
c5338def,Staging,Z5,M186,R5,2025-05-29 11:03:34,2025-05-29 12:03:34,41042,False,Waiting
ac4260aa,Staging,Z3,M105,R20,2025-05-29 19:03:34,2025-05-30 01:03:34,41042,True,Waiting
59837e89,Dock,Z1,M173,R10,2025-05-28 08:03:34,2025-05-28 12:03:34,41005,True,Processing
18ef5966,Dock,Z3,M168,R11,2025-05-28 20:03:34,2025-05-28 22:03:34,41005,True,Processing
3625059a,Dock,Z1,M101,R20,2025-05-28 13:03:34,2025-05-28 15:03:34,45202,False,Loaded
e65243df,Dock,Z2,M190,R10,2025-05-28 12:03:34,2025-05-28 16:03:34,45202,True,Loaded
9b8a5382,Dock,Z5,M156,R2,2025-05-29 16:03:34,2025-05-29 17:03:34,41042,True,Waiting
2c0fe3d9,Dispatched,Z1,M111,R14,2025-05-28 23:03:34,2025-05-29 02:03:34,45229,False,Loaded
17fe8fcc,Dock,Z3,M125,R18,2025-05-29 19:03:34,2025-05-30 03:03:34,41091,True,Waiting
eee212a4,Dispatched,Z1,M158,R10,2025-05-28 05:03:34,2025-05-28 13:03:34,41042,True,Processing
e6b2e899,Sorting,Z5,M133,R12,2025-05-28 23:03:34,2025-05-29 02:03:34,45229,False,Loaded
f5678605,Dispatched,Z4,M103,R3,2025-05-28 18:03:34,2025-05-28 20:03:34,41005,False,Delayed
a3d0b35b,Sorting,Z3,M198,R12,2025-05-28 10:03:34,2025-05-28 13:03:34,41091,True,Delayed
cb591470,Staging,Z3,M171,R3,2025-05-29 05:03:34,2025-05-29 13:03:34,41042,False,Processing
021e09ff,Sorting,Z5,M120,R16,2025-05-29 00:03:34,2025-05-29 02:03:34,41005,True,Delayed
2ca90397,Dispatched,Z5,M143,R18,2025-05-28 04:03:34,2025-05-28 08:03:34,45202,True,Delayed
4a8d5978,Staging,Z5,M176,R15,2025-05-29 04:03:34,2025-05-29 06:03:34,45212,False,Processing
a1b6bf4d,Dock,Z4,M108,R20,2025-05-29 18:03:34,2025-05-30 01:03:34,41005,False,Waiting
21151a76,Staging,Z2,M117,R19,2025-05-28 08:03:34,2025-05-28 09:03:34,45212,True,Processing
f013d74c,Dispatched,Z5,M137,R13,2025-05-28 09:03:34,2025-05-28 17:03:34,45202,True,Loaded
8545a993,Dock,Z5,M186,R10,2025-05-28 21:03:34,2025-05-29 03:03:34,45213,True,Delayed
da18920c,Sorting,Z3,M107,R12,2025-05-28 13:03:34,2025-05-28 14:03:34,45213,False,Waiting
dfa1b768,Dock,Z1,M130,R14,2025-05-28 04:03:34,2025-05-28 11:03:34,45229,False,Delayed
4595d296,Dispatched,Z4,M155,R18,2025-05-29 11:03:34,2025-05-29 14:03:34,41042,True,Processing
59cb86ad,Dispatched,Z3,M153,R5,2025-05-29 06:03:34,2025-05-29 09:03:34,45202,True,Waiting
d75a3aac,Staging,Z2,M192,R16,2025-05-28 06:03:34,2025-05-28 13:03:34,45202,True,Processing
b15dbf8a,Dispatched,Z4,M189,R20,2025-05-28 21:03:34,2025-05-29 00:03:34,41042,False,Delayed
aaf35cd4,Dispatched,Z3,M128,R6,2025-05-28 21:03:34,2025-05-28 22:03:34,41091,False,Processing
8c47d9a7,Dock,Z4,M169,R19,2025-05-29 01:03:34,2025-05-29 02:03:34,45213,False,Loaded
2aae60be,Staging,Z5,M161,R3,2025-05-29 15:03:34,2025-05-29 20:03:34,41042,True,Waiting
a5ff46fe,Sorting,Z4,M180,R3,2025-05-28 05:03:34,2025-05-28 10:03:34,41091,True,Loaded
491233a5,Staging,Z4,M158,R17,2025-05-28 18:03:34,2025-05-29 00:03:34,41042,False,Loaded
1217a24f,Dock,Z2,M104,R20,2025-05-28 01:03:34,2025-05-28 06:03:34,45229,False,Waiting
92d3f4c0,Dispatched,Z5,M121,R19,2025-05-29 21:03:34,2025-05-30 02:03:34,45212,True,Loaded
89afcd08,Dispatched,Z1,M116,R17,2025-05-29 20:03:34,2025-05-30 01:03:34,41005,True,Loaded
73257ecd,Dock,Z3,M101,R4,2025-05-28 10:03:34,2025-05-28 13:03:34,41091,True,Delayed
1ce19c97,Dock,Z2,M133,R8,2025-05-28 17:03:34,2025-05-28 20:03:34,45212,True,Loaded
e3ba4d4d,Staging,Z2,M176,R5,2025-05-28 17:03:34,2025-05-29 00:03:34,45212,False,Processing
be7eaa11,Dispatched,Z2,M126,R19,2025-05-28 02:03:34,2025-05-28 08:03:34,45213,False,Waiting
b441ad49,Staging,Z2,M159,R13,2025-05-28 18:03:34,2025-05-28 23:03:34,41042,True,Delayed
97f0f9b0,Dispatched,Z4,M133,R5,2025-05-28 15:03:34,2025-05-28 22:03:34,45213,False,Delayed
531f56c0,Dispatched,Z3,M167,R2,2025-05-29 18:03:34,2025-05-30 00:03:34,45212,False,Loaded
5b4b90f4,Dock,Z3,M134,R4,2025-05-29 08:03:34,2025-05-29 15:03:34,41042,True,Processing
45b89788,Dock,Z2,M140,R18,2025-05-30 00:03:34,2025-05-30 01:03:34,45212,True,Waiting
e9b007f5,Dispatched,Z1,M167,R4,2025-05-28 05:03:34,2025-05-28 13:03:34,41005,True,Loaded
defe4572,Dock,Z2,M104,R1,2025-05-28 09:03:34,2025-05-28 11:03:34,45213,True,Waiting
d1d5e5c3,Staging,Z1,M177,R5,2025-05-29 00:03:34,2025-05-29 03:03:34,45213,True,Loaded
1528404f,Dock,Z4,M184,R3,2025-05-28 08:03:34,2025-05-28 16:03:34,41005,False,Loaded
37026007,Dock,Z2,M199,R3,2025-05-29 07:03:34,2025-05-29 08:03:34,41042,False,Loaded
d04c24bf,Staging,Z3,M133,R6,2025-05-28 20:03:34,2025-05-28 22:03:34,41042,True,Delayed
c8a082f4,Sorting,Z4,M113,R5,2025-05-28 14:03:34,2025-05-28 21:03:34,45202,True,Delayed
61a259cb,Dock,Z1,M104,R3,2025-05-29 20:03:34,2025-05-30 01:03:34,45212,False,Waiting
f4c02fee,Dispatched,Z2,M183,R1,2025-05-29 22:03:34,2025-05-30 05:03:34,41005,True,Loaded
2a7d2075,Dispatched,Z5,M100,R17,2025-05-28 03:03:34,2025-05-28 11:03:34,41042,False,Delayed
7065141a,Staging,Z5,M128,R1,2025-05-29 00:03:34,2025-05-29 08:03:34,45213,False,Loaded
6a096c6b,Dock,Z4,M107,R3,2025-05-29 01:03:34,2025-05-29 07:03:34,45213,False,Loaded
b5a72f15,Sorting,Z2,M170,R2,2025-05-29 00:03:34,2025-05-29 04:03:34,41005,False,Waiting
e72c677d,Dock,Z4,M110,R15,2025-05-28 01:03:34,2025-05-28 05:03:34,45202,True,Processing
c7a73e8d,Staging,Z5,M130,R16,2025-05-29 00:03:34,2025-05-29 02:03:34,45212,False,Delayed
65157f27,Dispatched,Z1,M104,R11,2025-05-29 21:03:34,2025-05-30 03:03:34,45212,True,Delayed
3fb306fd,Staging,Z2,M183,R17,2025-05-28 19:03:34,2025-05-28 22:03:34,45229,True,Waiting
e9806820,Staging,Z2,M162,R1,2025-05-28 18:03:34,2025-05-28 19:03:34,45202,True,Waiting
197e0e5b,Sorting,Z1,M139,R4,2025-05-28 19:03:34,2025-05-28 22:03:34,45212,True,Waiting
e5017f49,Staging,Z4,M176,R20,2025-05-29 10:03:34,2025-05-29 12:03:34,45212,True,Delayed
033f3777,Dock,Z4,M141,R4,2025-05-28 05:03:34,2025-05-28 08:03:34,41005,True,Waiting
4c4dd572,Sorting,Z3,M108,R4,2025-05-29 07:03:34,2025-05-29 10:03:34,45212,False,Processing
876c0143,Dock,Z5,M121,R15,2025-05-29 09:03:34,2025-05-29 10:03:34,45202,True,Delayed
497417ff,Sorting,Z1,M162,R3,2025-05-30 00:03:34,2025-05-30 01:03:34,45202,True,Loaded
e1066ee4,Dispatched,Z4,M188,R5,2025-05-29 11:03:34,2025-05-29 14:03:34,45229,False,Delayed
3207810b,Dispatched,Z2,M122,R20,2025-05-28 04:03:34,2025-05-28 05:03:34,41091,True,Delayed
fab8ff3f,Staging,Z3,M144,R14,2025-05-30 00:03:34,2025-05-30 04:03:34,45202,True,Waiting
110ed081,Dock,Z5,M164,R8,2025-05-28 19:03:34,2025-05-28 23:03:34,41005,True,Processing
10b237be,Staging,Z2,M187,R16,2025-05-28 17:03:34,2025-05-28 20:03:34,45202,True,Waiting
ee053bc3,Dock,Z3,M126,R14,2025-05-29 08:03:34,2025-05-29 14:03:34,41091,False,Waiting
d10ec998,Staging,Z1,M168,R6,2025-05-29 14:03:34,2025-05-29 15:03:34,41042,True,Waiting
b9b1bb85,Sorting,Z4,M175,R19,2025-05-29 04:03:34,2025-05-29 11:03:34,45202,False,Processing
c4cfb16a,Staging,Z3,M129,R4,2025-05-29 09:03:34,2025-05-29 16:03:34,45212,True,Delayed
710aa183,Sorting,Z1,M160,R19,2025-05-28 17:03:34,2025-05-28 18:03:34,41042,True,Processing
a20af123,Dispatched,Z2,M149,R12,2025-05-29 16:03:34,2025-05-30 00:03:34,45229,True,Loaded
86ccfad5,Dock,Z2,M142,R5,2025-05-29 22:03:34,2025-05-29 23:03:34,41005,True,Waiting
0a83a756,Dispatched,Z4,M153,R6,2025-05-29 03:03:34,2025-05-29 07:03:34,41005,True,Processing
90cae8a0,Sorting,Z1,M152,R17,2025-05-28 17:03:34,2025-05-28 21:03:34,41091,False,Delayed
96268b8e,Dock,Z1,M193,R14,2025-05-28 01:03:34,2025-05-28 05:03:34,45202,False,Delayed
d8f3b036,Sorting,Z5,M119,R19,2025-05-30 00:03:34,2025-05-30 07:03:34,45213,True,Delayed
b78cab27,Staging,Z4,M167,R13,2025-05-28 18:03:34,2025-05-28 20:03:34,41042,False,Processing
37d55fd9,Staging,Z5,M196,R1,2025-05-28 04:03:34,2025-05-28 11:03:34,45202,True,Loaded
0ba27ab2,Dock,Z2,M182,R3,2025-05-29 23:03:34,2025-05-30 07:03:34,45229,False,Processing
00e67834,Dispatched,Z5,M195,R19,2025-05-29 23:03:34,2025-05-30 07:03:34,41042,True,Delayed
de5b54c2,Sorting,Z3,M180,R15,2025-05-28 03:03:34,2025-05-28 04:03:34,45212,True,Delayed
0e4c0bed,Dock,Z5,M104,R10,2025-05-28 21:03:34,2025-05-29 02:03:34,45229,True,Waiting
5cec22c3,Dock,Z1,M165,R12,2025-05-29 21:03:34,2025-05-29 23:03:34,41042,False,Delayed
e408687c,Staging,Z3,M146,R6,2025-05-28 07:03:34,2025-05-28 09:03:34,41091,True,Processing
7c6d5e99,Dock,Z2,M169,R4,2025-05-28 07:03:34,2025-05-28 15:03:34,45229,True,Processing
3e811c71,Dock,Z3,M134,R17,2025-05-28 05:03:34,2025-05-28 12:03:34,41005,True,Waiting
cd8c0a88,Dock,Z3,M157,R16,2025-05-28 16:03:34,2025-05-28 18:03:34,41042,False,Delayed
356e60a1,Dock,Z1,M124,R15,2025-05-29 19:03:34,2025-05-29 21:03:34,41042,True,Loaded
d3dacfc4,Staging,Z1,M121,R9,2025-05-29 17:03:34,2025-05-29 20:03:34,41042,True,Processing
31a3b8f5,Staging,Z3,M153,R18,2025-05-29 16:03:34,2025-05-30 00:03:34,41005,False,Delayed
3a18c714,Staging,Z3,M124,R3,2025-05-29 23:03:34,2025-05-30 03:03:34,45212,False,Delayed
6afdc778,Dock,Z3,M162,R19,2025-05-28 06:03:34,2025-05-28 14:03:34,41042,False,Processing
4410e3d1,Dock,Z2,M133,R8,2025-05-28 18:03:34,2025-05-29 00:03:34,41005,True,Processing
27462bbc,Dock,Z3,M158,R6,2025-05-28 09:03:34,2025-05-28 12:03:34,45229,False,Processing
acdb9e2f,Sorting,Z2,M120,R8,2025-05-29 17:03:34,2025-05-29 18:03:34,41005,True,Delayed
30a4abfa,Dock,Z3,M123,R7,2025-05-28 13:03:34,2025-05-28 14:03:34,45229,False,Loaded
bc8c620e,Sorting,Z3,M157,R18,2025-05-29 14:03:34,2025-05-29 19:03:34,45213,True,Delayed
8a71bb22,Dispatched,Z2,M158,R11,2025-05-29 15:03:34,2025-05-29 16:03:34,45229,False,Loaded
cd201148,Dispatched,Z3,M196,R19,2025-05-28 06:03:34,2025-05-28 09:03:34,45212,False,Loaded
0980e060,Staging,Z4,M105,R5,2025-05-28 05:03:34,2025-05-28 07:03:34,41005,True,Delayed
940a33f4,Sorting,Z4,M145,R3,2025-05-29 04:03:34,2025-05-29 05:03:34,41091,True,Processing
ddbf6876,Dock,Z2,M102,R3,2025-05-28 14:03:34,2025-05-28 22:03:34,45229,True,Delayed
ffbef95e,Sorting,Z4,M140,R20,2025-05-28 10:03:34,2025-05-28 11:03:34,45229,False,Delayed
d56423c6,Sorting,Z4,M147,R13,2025-05-29 01:03:34,2025-05-29 02:03:34,41005,False,Loaded
c6257432,Dock,Z4,M171,R3,2025-05-29 11:03:34,2025-05-29 19:03:34,45229,False,Delayed
c1961ea9,Dock,Z2,M193,R14,2025-05-28 02:03:34,2025-05-28 09:03:34,45202,True,Processing
5046d969,Sorting,Z3,M160,R17,2025-05-29 03:03:34,2025-05-29 05:03:34,41091,False,Waiting
ae5b988c,Staging,Z4,M181,R9,2025-05-28 22:03:34,2025-05-29 01:03:34,41091,False,Processing
6e23a2f6,Sorting,Z2,M148,R10,2025-05-28 13:03:34,2025-05-28 21:03:34,45213,False,Loaded
64cb8e50,Dispatched,Z5,M194,R15,2025-05-29 10:03:34,2025-05-29 11:03:34,45212,True,Processing
ad5aa5de,Dock,Z3,M181,R16,2025-05-29 17:03:34,2025-05-29 22:03:34,41042,True,Delayed
8e48797d,Sorting,Z1,M115,R9,2025-05-28 17:03:34,2025-05-28 19:03:34,41091,False,Delayed
382b3ebd,Dispatched,Z3,M180,R16,2025-05-28 04:03:34,2025-05-28 06:03:34,41005,True,Loaded
0a2c8ef9,Sorting,Z5,M107,R5,2025-05-29 04:03:34,2025-05-29 12:03:34,45229,True,Loaded
cc7be818,Sorting,Z1,M134,R12,2025-05-28 22:03:34,2025-05-29 04:03:34,45213,False,Loaded
dbe51397,Staging,Z5,M124,R6,2025-05-29 18:03:34,2025-05-29 21:03:34,41091,False,Loaded
3ba9188c,Dock,Z3,M187,R12,2025-05-29 18:03:34,2025-05-30 00:03:34,45212,True,Waiting
aff1a0d0,Sorting,Z5,M136,R12,2025-05-28 17:03:34,2025-05-29 00:03:34,41005,True,Waiting
47181836,Sorting,Z2,M164,R8,2025-05-29 12:03:34,2025-05-29 14:03:34,41042,False,Waiting
e9e13933,Staging,Z2,M102,R16,2025-05-29 02:03:34,2025-05-29 07:03:34,45229,False,Processing
2f521a72,Dispatched,Z5,M166,R11,2025-05-29 13:03:34,2025-05-29 18:03:34,45213,True,Processing
57858d2e,Sorting,Z2,M188,R8,2025-05-29 05:03:34,2025-05-29 08:03:34,45202,True,Waiting
53c17b86,Dispatched,Z1,M109,R1,2025-05-28 18:03:34,2025-05-29 01:03:34,45213,True,Waiting
14fed6fc,Staging,Z5,M175,R2,2025-05-28 18:03:34,2025-05-28 20:03:34,41005,True,Waiting
2ec29f92,Dock,Z1,M196,R4,2025-05-29 17:03:34,2025-05-29 21:03:34,41091,True,Processing
fce21e97,Dock,Z1,M111,R5,2025-05-28 01:03:34,2025-05-28 06:03:34,41091,False,Loaded
8948764f,Sorting,Z5,M199,R20,2025-05-29 09:03:34,2025-05-29 11:03:34,45213,True,Processing
d73b9121,Sorting,Z3,M121,R18,2025-05-30 00:03:34,2025-05-30 02:03:34,45202,False,Loaded
0f1ec863,Sorting,Z4,M186,R4,2025-05-29 13:03:34,2025-05-29 19:03:34,41042,False,Processing
717a05fe,Sorting,Z4,M114,R11,2025-05-29 17:03:34,2025-05-30 01:03:34,45213,True,Delayed
4d4566fd,Dock,Z3,M171,R2,2025-05-29 19:03:34,2025-05-30 01:03:34,41042,True,Delayed
0bf16f56,Dock,Z4,M176,R10,2025-05-28 05:03:34,2025-05-28 13:03:34,45202,False,Loaded
2f26b2e2,Dispatched,Z2,M108,R16,2025-05-28 05:03:34,2025-05-28 11:03:34,45202,True,Delayed
32200a18,Staging,Z4,M156,R17,2025-05-28 06:03:34,2025-05-28 08:03:34,45213,True,Delayed
42929948,Dispatched,Z5,M113,R6,2025-05-29 20:03:34,2025-05-30 02:03:34,45202,False,Processing
0657cb1c,Dispatched,Z1,M129,R14,2025-05-28 02:03:34,2025-05-28 10:03:34,41005,False,Delayed
04ced75c,Dock,Z4,M185,R20,2025-05-28 23:03:34,2025-05-29 07:03:34,41091,False,Processing
fbaf00e4,Dispatched,Z1,M115,R9,2025-05-28 17:03:34,2025-05-29 01:03:34,45202,True,Waiting
d1feda00,Staging,Z1,M108,R16,2025-05-28 05:03:34,2025-05-28 06:03:34,45202,False,Loaded
0b949945,Sorting,Z3,M179,R20,2025-05-29 18:03:34,2025-05-29 20:03:34,45229,False,Delayed
e99a7ab7,Sorting,Z3,M184,R16,2025-05-28 17:03:34,2025-05-28 22:03:34,41091,False,Waiting
f028969f,Staging,Z4,M115,R13,2025-05-28 20:03:34,2025-05-29 02:03:34,45212,False,Delayed
da99297b,Dispatched,Z1,M104,R6,2025-05-28 13:03:34,2025-05-28 18:03:34,45229,True,Delayed
a5a2a554,Dispatched,Z2,M139,R13,2025-05-28 17:03:34,2025-05-28 19:03:34,41091,False,Delayed
79119dc2,Dispatched,Z5,M120,R17,2025-05-29 21:03:34,2025-05-30 04:03:34,41005,False,Delayed
63213806,Dock,Z3,M141,R2,2025-05-29 23:03:34,2025-05-30 00:03:34,45202,False,Loaded
a76d5daf,Staging,Z3,M148,R4,2025-05-28 21:03:34,2025-05-29 03:03:34,41005,False,Loaded
91a04d3d,Staging,Z2,M131,R8,2025-05-28 07:03:34,2025-05-28 12:03:34,41091,True,Waiting
59cd317a,Dock,Z1,M143,R6,2025-05-29 23:03:34,2025-05-30 05:03:34,45213,False,Delayed
a4ed167f,Dispatched,Z3,M102,R16,2025-05-28 11:03:34,2025-05-28 12:03:34,41005,False,Delayed
5adf03e4,Dock,Z5,M112,R16,2025-05-29 18:03:34,2025-05-29 22:03:34,41005,False,Loaded
a5707a43,Sorting,Z5,M138,R12,2025-05-28 21:03:34,2025-05-29 01:03:34,41042,True,Processing
9ecd0b77,Dock,Z3,M106,R10,2025-05-28 12:03:34,2025-05-28 19:03:34,45212,True,Waiting
43b5e5d8,Staging,Z5,M143,R9,2025-05-29 20:03:34,2025-05-30 04:03:34,41042,True,Loaded
d5abefc4,Staging,Z3,M164,R10,2025-05-28 21:03:34,2025-05-29 03:03:34,45202,False,Delayed
79145749,Dock,Z5,M165,R15,2025-05-28 06:03:34,2025-05-28 09:03:34,45213,True,Delayed
60cab13c,Sorting,Z4,M134,R18,2025-05-28 09:03:34,2025-05-28 16:03:34,41091,True,Processing
24efd02f,Dock,Z4,M118,R8,2025-05-29 15:03:34,2025-05-29 20:03:34,45212,False,Delayed
650bba84,Dock,Z1,M181,R7,2025-05-28 22:03:34,2025-05-29 03:03:34,45212,False,Processing
e460323b,Dock,Z5,M130,R13,2025-05-29 09:03:34,2025-05-29 11:03:34,45202,True,Waiting
cb5a417e,Sorting,Z3,M159,R16,2025-05-28 13:03:34,2025-05-28 20:03:34,41042,True,Processing
c1f4da73,Sorting,Z3,M117,R1,2025-05-29 08:03:34,2025-05-29 13:03:34,45229,True,Waiting
b8aaa4ff,Dispatched,Z1,M107,R3,2025-05-29 04:03:34,2025-05-29 09:03:34,45212,True,Delayed
831114bd,Dock,Z1,M150,R5,2025-05-29 09:03:34,2025-05-29 11:03:34,41091,True,Loaded
b0221f2e,Dispatched,Z1,M130,R20,2025-05-29 17:03:34,2025-05-29 23:03:34,41005,False,Processing
dd89eb6c,Dispatched,Z2,M118,R4,2025-05-29 13:03:34,2025-05-29 17:03:34,41005,False,Delayed
96160367,Dock,Z5,M107,R16,2025-05-28 14:03:34,2025-05-28 20:03:34,45229,True,Loaded
368f0deb,Dispatched,Z4,M187,R8,2025-05-29 07:03:34,2025-05-29 10:03:34,41005,False,Loaded
69ef4636,Dock,Z1,M182,R20,2025-05-29 22:03:34,2025-05-29 23:03:34,45229,True,Loaded
7733f26c,Dispatched,Z3,M181,R12,2025-05-28 05:03:34,2025-05-28 07:03:34,41091,True,Delayed
494b3240,Dispatched,Z1,M150,R9,2025-05-29 05:03:34,2025-05-29 07:03:34,45212,True,Loaded
77fc637d,Sorting,Z2,M156,R11,2025-05-28 07:03:34,2025-05-28 14:03:34,45212,True,Loaded
b2ff0a03,Staging,Z4,M160,R14,2025-05-29 03:03:34,2025-05-29 10:03:34,45212,True,Processing
931445a8,Dock,Z5,M108,R12,2025-05-28 22:03:34,2025-05-29 04:03:34,41042,True,Waiting
453ec0f5,Sorting,Z4,M182,R5,2025-05-30 00:03:34,2025-05-30 07:03:34,45202,False,Loaded
f90f15a9,Staging,Z1,M120,R8,2025-05-28 15:03:34,2025-05-28 18:03:34,45212,False,Loaded
eb5b69b4,Dispatched,Z4,M194,R5,2025-05-29 08:03:34,2025-05-29 11:03:34,45229,False,Loaded
faaab9b6,Sorting,Z1,M153,R12,2025-05-29 13:03:34,2025-05-29 20:03:34,41042,True,Waiting
7e67142d,Staging,Z5,M182,R20,2025-05-28 08:03:34,2025-05-28 12:03:34,45213,False,Processing
d8877eb9,Dock,Z2,M106,R13,2025-05-28 09:03:34,2025-05-28 16:03:34,41091,False,Processing
703aa8b2,Staging,Z3,M121,R19,2025-05-29 17:03:34,2025-05-29 18:03:34,45229,False,Delayed
d449d951,Dispatched,Z1,M128,R7,2025-05-29 12:03:34,2025-05-29 17:03:34,41005,False,Delayed
2c951e08,Sorting,Z4,M126,R20,2025-05-29 11:03:34,2025-05-29 16:03:34,45229,True,Delayed
760eced7,Sorting,Z4,M118,R1,2025-05-29 06:03:34,2025-05-29 11:03:34,45202,False,Processing
9e544e4a,Dock,Z5,M187,R15,2025-05-29 19:03:34,2025-05-29 20:03:34,41042,True,Loaded
0f6cea45,Dispatched,Z2,M191,R13,2025-05-28 03:03:34,2025-05-28 10:03:34,45229,False,Waiting
cf7430e4,Staging,Z5,M107,R2,2025-05-29 03:03:34,2025-05-29 07:03:34,41042,False,Waiting
10aea2fa,Staging,Z3,M164,R20,2025-05-29 00:03:34,2025-05-29 05:03:34,41042,False,Processing
ace51ae7,Staging,Z5,M122,R9,2025-05-29 14:03:34,2025-05-29 22:03:34,41005,False,Processing
c628c915,Staging,Z3,M190,R17,2025-05-28 21:03:34,2025-05-29 00:03:34,41005,True,Loaded
246bdc3e,Staging,Z2,M163,R9,2025-05-28 01:03:34,2025-05-28 07:03:34,41042,False,Loaded
b27e61a2,Dock,Z5,M140,R14,2025-05-29 14:03:34,2025-05-29 20:03:34,45229,False,Processing
e0c33d8e,Dispatched,Z1,M124,R5,2025-05-29 21:03:34,2025-05-30 01:03:34,45202,True,Delayed
f1552942,Dock,Z2,M190,R15,2025-05-28 21:03:34,2025-05-28 23:03:34,41042,True,Delayed
d43882c8,Dock,Z5,M162,R15,2025-05-28 17:03:34,2025-05-28 19:03:34,45212,True,Waiting
d71be4ec,Dock,Z1,M126,R10,2025-05-29 13:03:34,2025-05-29 16:03:34,45229,False,Processing
40d4ee14,Staging,Z5,M198,R19,2025-05-29 13:03:34,2025-05-29 20:03:34,45213,True,Delayed
9a058dee,Staging,Z3,M103,R10,2025-05-28 05:03:34,2025-05-28 07:03:34,41042,False,Waiting
37a82824,Dock,Z2,M103,R3,2025-05-28 19:03:34,2025-05-29 03:03:34,41042,False,Waiting
e1a390c4,Dock,Z1,M183,R20,2025-05-28 20:03:34,2025-05-29 02:03:34,45229,True,Processing
72e78e33,Staging,Z3,M141,R2,2025-05-28 01:03:34,2025-05-28 03:03:34,41091,False,Waiting
79f7e8a5,Dispatched,Z3,M122,R8,2025-05-28 23:03:34,2025-05-29 01:03:34,45213,True,Processing
47996c7c,Dispatched,Z4,M136,R5,2025-05-29 17:03:34,2025-05-29 22:03:34,41042,False,Loaded
58b921ac,Sorting,Z3,M185,R4,2025-05-29 01:03:34,2025-05-29 05:03:34,41042,False,Delayed
ff0e0ded,Dispatched,Z3,M172,R20,2025-05-28 21:03:34,2025-05-28 23:03:34,45212,False,Loaded
62c664fe,Sorting,Z4,M180,R14,2025-05-29 19:03:34,2025-05-29 20:03:34,41091,False,Delayed
4ad6b9bf,Sorting,Z2,M163,R17,2025-05-28 08:03:34,2025-05-28 10:03:34,41005,False,Delayed
054957ee,Staging,Z4,M138,R5,2025-05-29 16:03:34,2025-05-29 21:03:34,45212,True,Delayed
8e51350c,Dock,Z5,M106,R18,2025-05-29 20:03:34,2025-05-29 21:03:34,41091,True,Delayed
3ff3f147,Dispatched,Z1,M159,R19,2025-05-29 08:03:34,2025-05-29 14:03:34,41005,True,Waiting
08462eb9,Staging,Z4,M122,R6,2025-05-28 23:03:34,2025-05-29 00:03:34,45213,False,Loaded
a128e3c5,Dock,Z5,M192,R15,2025-05-28 06:03:34,2025-05-28 14:03:34,41091,False,Loaded
fd09d0f6,Sorting,Z2,M123,R3,2025-05-28 01:03:34,2025-05-28 06:03:34,45212,True,Delayed
041af2cd,Staging,Z1,M150,R4,2025-05-30 00:03:34,2025-05-30 03:03:34,45229,False,Delayed
77d90592,Dispatched,Z5,M192,R16,2025-05-29 05:03:34,2025-05-29 11:03:34,45229,False,Loaded
9fe7620f,Staging,Z2,M117,R1,2025-05-29 12:03:34,2025-05-29 14:03:34,45212,True,Processing
ba23e3d5,Staging,Z2,M161,R5,2025-05-28 07:03:34,2025-05-28 11:03:34,41042,True,Waiting
5f29f1f9,Dock,Z4,M118,R16,2025-05-28 21:03:34,2025-05-28 22:03:34,45213,True,Processing
814737e1,Dispatched,Z4,M160,R1,2025-05-28 20:03:34,2025-05-29 00:03:34,45202,False,Delayed
4a3ef793,Staging,Z3,M101,R4,2025-05-28 08:03:34,2025-05-28 15:03:34,41042,False,Loaded
af82e0a2,Staging,Z4,M151,R16,2025-05-28 16:03:34,2025-05-29 00:03:34,45202,True,Waiting
776b2099,Dispatched,Z5,M140,R18,2025-05-29 20:03:34,2025-05-30 01:03:34,45229,False,Delayed
b674b6db,Staging,Z4,M179,R12,2025-05-28 20:03:34,2025-05-29 03:03:34,45213,True,Loaded
f5f7929a,Sorting,Z4,M144,R15,2025-05-29 10:03:34,2025-05-29 14:03:34,41091,False,Delayed
9a387d84,Sorting,Z3,M192,R13,2025-05-28 22:03:34,2025-05-29 04:03:34,45212,False,Processing
c6906d6f,Sorting,Z3,M188,R3,2025-05-28 06:03:34,2025-05-28 14:03:34,45202,True,Processing
86444935,Sorting,Z5,M162,R4,2025-05-28 22:03:34,2025-05-29 06:03:34,41005,True,Processing
6f333d65,Staging,Z1,M145,R9,2025-05-29 02:03:34,2025-05-29 05:03:34,45202,True,Waiting
79549b9e,Dock,Z4,M114,R20,2025-05-29 10:03:34,2025-05-29 12:03:34,41091,True,Delayed
5c77da18,Dock,Z3,M145,R2,2025-05-28 13:03:34,2025-05-28 18:03:34,45202,True,Waiting
d03b4894,Dispatched,Z4,M196,R4,2025-05-29 18:03:34,2025-05-29 20:03:34,45212,True,Waiting
d3c40393,Sorting,Z1,M126,R12,2025-05-29 14:03:34,2025-05-29 19:03:34,45229,False,Delayed
c530d9e3,Staging,Z2,M182,R12,2025-05-29 03:03:34,2025-05-29 06:03:34,45213,True,Delayed
7101b953,Dispatched,Z1,M131,R16,2025-05-29 03:03:34,2025-05-29 08:03:34,41091,True,Waiting
07449594,Dock,Z3,M191,R14,2025-05-29 01:03:34,2025-05-29 05:03:34,45202,False,Processing
8309a506,Sorting,Z4,M152,R14,2025-05-28 19:03:34,2025-05-29 01:03:34,45213,False,Processing
c45e91eb,Staging,Z5,M108,R3,2025-05-29 03:03:34,2025-05-29 09:03:34,41042,True,Delayed
52be0c0a,Staging,Z4,M197,R2,2025-05-28 06:03:34,2025-05-28 09:03:34,41091,True,Loaded
a6c07737,Dispatched,Z4,M187,R18,2025-05-29 05:03:34,2025-05-29 11:03:34,41005,True,Loaded
f1832dfd,Sorting,Z4,M157,R7,2025-05-28 14:03:34,2025-05-28 22:03:34,45229,False,Delayed
e159ea87,Sorting,Z3,M110,R2,2025-05-28 14:03:34,2025-05-28 20:03:34,41042,True,Loaded
0a6c8fa1,Sorting,Z1,M165,R18,2025-05-29 05:03:34,2025-05-29 11:03:34,45212,True,Waiting
e1a56e4d,Staging,Z5,M175,R9,2025-05-29 09:03:34,2025-05-29 14:03:34,45229,False,Waiting
4c3d632d,Staging,Z3,M133,R17,2025-05-29 02:03:34,2025-05-29 04:03:34,45213,True,Delayed
5d9edf9b,Dock,Z5,M194,R1,2025-05-28 19:03:34,2025-05-29 01:03:34,45202,True,Loaded
ff553117,Dock,Z3,M185,R19,2025-05-28 05:03:34,2025-05-28 08:03:34,45229,False,Processing
a89d6a21,Staging,Z3,M166,R19,2025-05-29 12:03:34,2025-05-29 18:03:34,41042,True,Processing
20143acf,Dispatched,Z4,M110,R3,2025-05-29 21:03:34,2025-05-30 04:03:34,45202,False,Processing
609ecf41,Dispatched,Z1,M147,R17,2025-05-28 23:03:34,2025-05-29 06:03:34,45212,False,Delayed
b3b7f30c,Dispatched,Z4,M188,R16,2025-05-28 02:03:34,2025-05-28 09:03:34,45212,True,Processing
d5adfb6f,Sorting,Z4,M191,R15,2025-05-29 16:03:34,2025-05-29 18:03:34,45229,True,Delayed
aef1eef5,Dispatched,Z1,M195,R6,2025-05-28 13:03:34,2025-05-28 19:03:34,45213,False,Waiting
27f63fac,Staging,Z3,M173,R10,2025-05-29 22:03:34,2025-05-30 01:03:34,45213,False,Loaded
c2ebe3f5,Dock,Z3,M137,R16,2025-05-29 23:03:34,2025-05-30 02:03:34,45202,False,Waiting
c6233198,Dock,Z3,M127,R6,2025-05-28 01:03:34,2025-05-28 09:03:34,45213,True,Loaded
ec6e3bf0,Staging,Z1,M153,R16,2025-05-28 12:03:34,2025-05-28 17:03:34,41091,False,Loaded
5386f0f4,Dispatched,Z4,M192,R20,2025-05-29 16:03:34,2025-05-29 19:03:34,41091,False,Delayed
a6706fdd,Dispatched,Z2,M193,R11,2025-05-29 19:03:34,2025-05-30 02:03:34,41042,True,Delayed
191b70f8,Dock,Z5,M105,R15,2025-05-28 01:03:34,2025-05-28 06:03:34,45229,True,Processing
c10bdf1d,Staging,Z5,M180,R10,2025-05-28 13:03:34,2025-05-28 15:03:34,45229,True,Processing
0b9789da,Staging,Z5,M166,R7,2025-05-28 18:03:34,2025-05-28 19:03:34,45213,True,Waiting
cb912955,Dock,Z2,M131,R19,2025-05-28 20:03:34,2025-05-28 22:03:34,45212,False,Delayed
45fe8095,Staging,Z4,M102,R11,2025-05-28 21:03:34,2025-05-29 00:03:34,41042,True,Loaded
e0677270,Dispatched,Z3,M111,R4,2025-05-29 18:03:34,2025-05-29 21:03:34,41005,True,Processing
b09a3239,Dock,Z1,M119,R10,2025-05-28 22:03:34,2025-05-29 01:03:34,45213,False,Processing
21122bfd,Staging,Z1,M138,R13,2025-05-29 18:03:34,2025-05-30 00:03:34,45202,False,Loaded
82c715bc,Dock,Z4,M115,R2,2025-05-29 12:03:34,2025-05-29 16:03:34,45212,True,Delayed
48316832,Dispatched,Z1,M134,R2,2025-05-29 04:03:34,2025-05-29 12:03:34,41091,False,Waiting
3db98192,Dispatched,Z1,M152,R8,2025-05-29 23:03:34,2025-05-30 04:03:34,41091,True,Processing
c9911c68,Sorting,Z3,M172,R14,2025-05-28 20:03:34,2025-05-28 22:03:34,45212,True,Processing
df1250a3,Dock,Z5,M121,R8,2025-05-28 14:03:34,2025-05-28 21:03:34,41091,False,Waiting
c43ac3ec,Staging,Z4,M179,R10,2025-05-28 07:03:34,2025-05-28 10:03:34,45213,True,Delayed
aa9c080e,Dock,Z5,M132,R13,2025-05-29 02:03:34,2025-05-29 06:03:34,41091,False,Waiting
20e179c2,Sorting,Z5,M172,R3,2025-05-29 05:03:34,2025-05-29 07:03:34,41042,True,Processing
7aec6380,Dock,Z4,M126,R20,2025-05-28 16:03:34,2025-05-28 22:03:34,45229,False,Loaded
27006289,Dispatched,Z3,M131,R11,2025-05-29 03:03:34,2025-05-29 07:03:34,41042,False,Waiting
a5d30c2b,Sorting,Z1,M177,R16,2025-05-30 00:03:34,2025-05-30 01:03:34,45229,True,Delayed
50490519,Dispatched,Z4,M168,R3,2025-05-28 07:03:34,2025-05-28 09:03:34,41091,True,Delayed
c8f1004a,Staging,Z3,M148,R20,2025-05-29 02:03:34,2025-05-29 09:03:34,45202,True,Waiting
ffc87103,Dispatched,Z3,M124,R15,2025-05-30 00:03:34,2025-05-30 04:03:34,45229,True,Loaded
0708da65,Dock,Z2,M111,R20,2025-05-28 08:03:34,2025-05-28 13:03:34,45212,True,Processing
c87e06e9,Dispatched,Z3,M104,R9,2025-05-28 17:03:34,2025-05-28 21:03:34,45213,True,Delayed
2d655d33,Staging,Z3,M172,R17,2025-05-28 17:03:34,2025-05-28 20:03:34,41091,True,Processing
5183b593,Staging,Z5,M116,R3,2025-05-29 16:03:34,2025-05-29 21:03:34,41091,True,Loaded
ecdc5938,Sorting,Z1,M188,R18,2025-05-28 09:03:34,2025-05-28 14:03:34,45229,False,Waiting
c59bdcf9,Dispatched,Z1,M141,R14,2025-05-28 22:03:34,2025-05-29 03:03:34,45213,False,Delayed
4bd62134,Dock,Z5,M197,R2,2025-05-28 02:03:34,2025-05-28 06:03:34,45213,False,Delayed
012cd1d8,Dispatched,Z3,M100,R13,2025-05-29 12:03:34,2025-05-29 18:03:34,45213,True,Processing
5762d9b0,Dispatched,Z1,M131,R7,2025-05-29 14:03:34,2025-05-29 20:03:34,41005,True,Waiting
9b5f2ac6,Staging,Z4,M155,R1,2025-05-28 11:03:34,2025-05-28 17:03:34,45212,False,Processing
b493b5d2,Staging,Z4,M130,R11,2025-05-29 21:03:34,2025-05-30 03:03:34,41091,True,Waiting
181fad38,Dispatched,Z1,M180,R15,2025-05-28 11:03:34,2025-05-28 13:03:34,45213,True,Waiting
fd68de7d,Dispatched,Z3,M188,R3,2025-05-29 16:03:34,2025-05-29 17:03:34,45212,False,Waiting
172169a3,Dock,Z5,M180,R14,2025-05-29 20:03:34,2025-05-29 22:03:34,45229,True,Waiting
a41a985c,Dock,Z4,M151,R4,2025-05-28 09:03:34,2025-05-28 16:03:34,45202,True,Delayed
e63a8015,Dispatched,Z4,M154,R20,2025-05-28 09:03:34,2025-05-28 11:03:34,41005,True,Delayed
a170eb92,Dock,Z5,M124,R4,2025-05-29 18:03:34,2025-05-29 19:03:34,41091,True,Processing
11e9b737,Sorting,Z5,M132,R12,2025-05-28 22:03:34,2025-05-29 06:03:34,45229,False,Processing
ac1c5030,Sorting,Z2,M105,R2,2025-05-29 16:03:34,2025-05-29 21:03:34,41091,False,Loaded
9a3886e9,Dock,Z5,M169,R5,2025-05-29 15:03:34,2025-05-29 23:03:34,41005,False,Loaded
e2eec975,Dock,Z1,M166,R19,2025-05-28 06:03:34,2025-05-28 09:03:34,45213,True,Waiting
adb6f8be,Dispatched,Z3,M125,R7,2025-05-28 08:03:34,2025-05-28 12:03:34,45212,True,Loaded
8a6f3ad3,Sorting,Z4,M188,R15,2025-05-28 10:03:34,2025-05-28 16:03:34,45212,False,Loaded
9a02638c,Dispatched,Z3,M120,R4,2025-05-28 19:03:34,2025-05-28 20:03:34,41042,True,Waiting
267c4afa,Sorting,Z2,M159,R20,2025-05-29 11:03:34,2025-05-29 15:03:34,41042,False,Delayed
70c6b56e,Sorting,Z4,M123,R1,2025-05-29 01:03:34,2025-05-29 02:03:34,45213,False,Waiting
804727be,Staging,Z2,M137,R15,2025-05-29 12:03:34,2025-05-29 18:03:34,45213,True,Processing
c80c118e,Sorting,Z3,M122,R8,2025-05-29 08:03:34,2025-05-29 11:03:34,41005,True,Processing
84e76bdc,Sorting,Z1,M122,R9,2025-05-29 18:03:34,2025-05-29 19:03:34,45212,True,Delayed
14104037,Staging,Z3,M126,R10,2025-05-28 19:03:34,2025-05-28 23:03:34,41005,False,Processing
ce3381e0,Dispatched,Z1,M115,R5,2025-05-29 16:03:34,2025-05-29 20:03:34,45202,False,Loaded
93aa0fdc,Dock,Z5,M154,R8,2025-05-29 22:03:34,2025-05-30 02:03:34,45212,False,Processing
b861a67e,Dock,Z2,M106,R9,2025-05-29 16:03:34,2025-05-30 00:03:34,45202,True,Delayed
6e0c669b,Staging,Z2,M165,R13,2025-05-28 07:03:34,2025-05-28 13:03:34,41042,False,Processing
c507336a,Dock,Z3,M167,R16,2025-05-28 03:03:34,2025-05-28 11:03:34,41042,False,Delayed
d887a561,Staging,Z2,M128,R7,2025-05-28 20:03:34,2025-05-29 00:03:34,41042,True,Loaded
968b9703,Dispatched,Z4,M173,R6,2025-05-29 01:03:34,2025-05-29 06:03:34,41091,True,Processing
fbfb1124,Staging,Z3,M156,R17,2025-05-29 02:03:34,2025-05-29 06:03:34,41091,True,Delayed
463c20cc,Dock,Z4,M157,R15,2025-05-28 21:03:34,2025-05-29 04:03:34,41005,False,Loaded
1e576030,Dock,Z4,M103,R6,2025-05-28 20:03:34,2025-05-29 00:03:34,41005,True,Loaded
90d69532,Staging,Z3,M164,R17,2025-05-28 14:03:34,2025-05-28 16:03:34,45212,False,Processing
0fd54239,Staging,Z1,M109,R12,2025-05-29 22:03:34,2025-05-30 02:03:34,41005,True,Loaded
c1ba45b5,Dock,Z3,M195,R9,2025-05-29 12:03:34,2025-05-29 15:03:34,45212,False,Waiting
1d4d3e0e,Dock,Z3,M144,R13,2025-05-28 23:03:34,2025-05-29 00:03:34,41042,True,Delayed
50f0e3ab,Sorting,Z2,M192,R7,2025-05-28 18:03:34,2025-05-28 22:03:34,41091,False,Delayed
9e2ac96c,Dock,Z1,M140,R7,2025-05-28 21:03:34,2025-05-29 04:03:34,45202,False,Delayed
cf10c6c0,Staging,Z3,M117,R19,2025-05-29 16:03:34,2025-05-29 21:03:34,45229,True,Delayed
b37bfb82,Dock,Z3,M128,R14,2025-05-28 21:03:34,2025-05-29 04:03:34,45212,False,Loaded
7d0b9dfa,Staging,Z5,M104,R5,2025-05-29 15:03:34,2025-05-29 21:03:34,41091,False,Delayed
b488e2dc,Sorting,Z4,M108,R18,2025-05-29 00:03:34,2025-05-29 04:03:34,41042,True,Loaded
46849b7c,Dispatched,Z3,M111,R6,2025-05-29 18:03:34,2025-05-29 21:03:34,45213,False,Waiting
1a2888ac,Sorting,Z2,M108,R13,2025-05-29 06:03:34,2025-05-29 10:03:34,45202,False,Waiting
6ae3a4d8,Dispatched,Z1,M147,R17,2025-05-30 00:03:34,2025-05-30 03:03:34,41005,False,Delayed
ad36ae7a,Sorting,Z1,M116,R18,2025-05-28 22:03:34,2025-05-29 06:03:34,45229,True,Delayed
77e8c21f,Sorting,Z2,M126,R10,2025-05-28 21:03:34,2025-05-29 05:03:34,45202,False,Processing
d418dcf9,Dispatched,Z3,M125,R1,2025-05-29 15:03:34,2025-05-29 23:03:34,45213,False,Processing
69afd897,Dock,Z5,M162,R15,2025-05-28 19:03:34,2025-05-28 20:03:34,45229,True,Loaded
5ba0de94,Dispatched,Z3,M189,R10,2025-05-28 23:03:34,2025-05-29 02:03:34,41042,True,Processing
119e43d2,Dispatched,Z4,M149,R6,2025-05-28 04:03:34,2025-05-28 06:03:34,41042,True,Processing
97f496e2,Sorting,Z3,M180,R18,2025-05-29 06:03:34,2025-05-29 08:03:34,45229,True,Delayed
0f9b4511,Dispatched,Z5,M115,R12,2025-05-29 20:03:34,2025-05-29 22:03:34,41091,False,Delayed
3eb3c06d,Dispatched,Z2,M132,R7,2025-05-28 16:03:34,2025-05-28 17:03:34,41042,True,Waiting
5809b72f,Dispatched,Z4,M143,R13,2025-05-29 12:03:34,2025-05-29 19:03:34,45213,True,Loaded
5af5944c,Staging,Z2,M141,R15,2025-05-28 17:03:34,2025-05-29 01:03:34,45213,True,Processing
8b0a7b39,Dispatched,Z2,M160,R9,2025-05-29 14:03:34,2025-05-29 17:03:34,45212,True,Waiting
d7a470b8,Sorting,Z3,M115,R18,2025-05-28 01:03:34,2025-05-28 08:03:34,45202,True,Waiting
ff3c4ce6,Dock,Z2,M156,R12,2025-05-29 13:03:34,2025-05-29 17:03:34,45229,True,Processing
d2106273,Dispatched,Z1,M181,R17,2025-05-28 07:03:34,2025-05-28 09:03:34,41042,False,Delayed
1f70a5b7,Staging,Z5,M100,R2,2025-05-29 00:03:34,2025-05-29 04:03:34,45202,False,Processing
d501bdef,Sorting,Z1,M102,R14,2025-05-29 23:03:34,2025-05-30 00:03:34,41005,True,Waiting
33d5bc93,Sorting,Z1,M185,R6,2025-05-28 02:03:34,2025-05-28 05:03:34,45213,False,Waiting
90584be1,Dock,Z3,M171,R7,2025-05-28 09:03:34,2025-05-28 13:03:34,41091,False,Delayed
ebe03f43,Staging,Z2,M127,R4,2025-05-29 02:03:34,2025-05-29 08:03:34,45202,True,Delayed
933f8190,Dock,Z1,M149,R7,2025-05-28 19:03:34,2025-05-28 23:03:34,45213,False,Loaded
133edd16,Staging,Z1,M127,R14,2025-05-29 05:03:34,2025-05-29 13:03:34,45213,True,Loaded
41b9553f,Staging,Z5,M141,R13,2025-05-28 05:03:34,2025-05-28 08:03:34,41005,True,Loaded
72f2d7fc,Dispatched,Z1,M142,R1,2025-05-28 10:03:34,2025-05-28 18:03:34,41042,True,Waiting
58bbf2b1,Sorting,Z1,M178,R4,2025-05-29 05:03:34,2025-05-29 09:03:34,45229,False,Processing
1e12feed,Staging,Z1,M117,R12,2025-05-28 17:03:34,2025-05-28 22:03:34,45202,True,Delayed
5de0dec3,Sorting,Z1,M130,R20,2025-05-28 20:03:34,2025-05-29 02:03:34,45202,False,Loaded
ae8837e2,Staging,Z5,M153,R10,2025-05-29 23:03:34,2025-05-30 03:03:34,45212,False,Loaded
e8fecce9,Sorting,Z2,M169,R2,2025-05-28 06:03:34,2025-05-28 10:03:34,45212,True,Delayed
ac72f3a1,Dock,Z2,M156,R1,2025-05-29 20:03:34,2025-05-30 04:03:34,45213,True,Waiting
1bbeb725,Sorting,Z2,M116,R3,2025-05-29 13:03:34,2025-05-29 17:03:34,45202,True,Delayed
0b21bd68,Dispatched,Z3,M121,R7,2025-05-29 09:03:34,2025-05-29 16:03:34,45202,True,Loaded
dda14b84,Dock,Z5,M157,R7,2025-05-29 07:03:34,2025-05-29 15:03:34,45213,False,Delayed
47d02da4,Dispatched,Z2,M160,R15,2025-05-28 21:03:34,2025-05-29 04:03:34,45212,True,Delayed
2c5f35cf,Staging,Z4,M154,R3,2025-05-29 05:03:34,2025-05-29 08:03:34,41091,True,Loaded
52482b4e,Dispatched,Z4,M139,R15,2025-05-29 06:03:34,2025-05-29 13:03:34,41091,False,Waiting
03c43061,Dock,Z2,M191,R16,2025-05-29 12:03:34,2025-05-29 15:03:34,45202,True,Waiting
7d3d6ef6,Dock,Z4,M151,R14,2025-05-28 23:03:34,2025-05-29 05:03:34,41042,False,Loaded
b9e9ea49,Staging,Z4,M104,R4,2025-05-29 00:03:34,2025-05-29 03:03:34,45202,False,Loaded
e2e917f6,Dock,Z5,M190,R16,2025-05-28 08:03:34,2025-05-28 14:03:34,45229,True,Delayed
e2bbf358,Dispatched,Z2,M131,R16,2025-05-29 22:03:34,2025-05-30 04:03:34,45229,True,Processing
b01a4c16,Dock,Z5,M158,R5,2025-05-29 08:03:34,2025-05-29 12:03:34,41091,True,Waiting
9d3eeb20,Staging,Z1,M182,R13,2025-05-28 23:03:34,2025-05-29 01:03:34,41091,True,Delayed
976038fa,Sorting,Z4,M132,R10,2025-05-28 16:03:34,2025-05-28 23:03:34,41091,False,Delayed
8a9a10c5,Staging,Z1,M181,R19,2025-05-29 02:03:34,2025-05-29 05:03:34,41005,True,Delayed
6cb22533,Dock,Z1,M121,R16,2025-05-30 00:03:34,2025-05-30 02:03:34,45213,False,Delayed
53f240af,Dock,Z4,M121,R6,2025-05-29 01:03:34,2025-05-29 04:03:34,45229,True,Processing
e48034ce,Dispatched,Z2,M164,R4,2025-05-28 20:03:34,2025-05-29 00:03:34,45202,True,Waiting
3505f0c9,Sorting,Z2,M133,R14,2025-05-28 20:03:34,2025-05-28 22:03:34,45212,True,Waiting
64dc1c5e,Dock,Z1,M148,R4,2025-05-29 07:03:34,2025-05-29 09:03:34,41005,True,Processing
f3fa0418,Dispatched,Z4,M186,R4,2025-05-30 00:03:34,2025-05-30 01:03:34,41005,True,Waiting
db584f49,Staging,Z2,M166,R1,2025-05-29 00:03:34,2025-05-29 05:03:34,41042,False,Loaded
a9f0b167,Dispatched,Z3,M147,R11,2025-05-29 04:03:34,2025-05-29 08:03:34,41005,False,Delayed
25ffd2f2,Staging,Z3,M142,R4,2025-05-30 00:03:34,2025-05-30 08:03:34,45212,False,Processing
f26e7aac,Staging,Z5,M115,R17,2025-05-29 07:03:34,2025-05-29 11:03:34,41005,False,Delayed
968dfe17,Dispatched,Z2,M100,R11,2025-05-29 23:03:34,2025-05-30 05:03:34,45212,True,Loaded
f38e3b21,Dispatched,Z2,M177,R16,2025-05-28 23:03:34,2025-05-29 01:03:34,41005,False,Delayed
19458bbe,Staging,Z4,M137,R20,2025-05-29 12:03:34,2025-05-29 15:03:34,45212,True,Processing
4c97f2b4,Dispatched,Z1,M138,R18,2025-05-28 19:03:34,2025-05-28 22:03:34,41042,True,Delayed
59e52770,Sorting,Z2,M127,R6,2025-05-28 06:03:34,2025-05-28 08:03:34,45213,False,Waiting
d0d2ae9d,Sorting,Z3,M149,R9,2025-05-29 10:03:34,2025-05-29 15:03:34,45229,False,Waiting
aa3fbb52,Sorting,Z5,M181,R16,2025-05-29 19:03:34,2025-05-30 01:03:34,45212,True,Waiting
6f1dcf63,Dock,Z4,M191,R13,2025-05-28 07:03:34,2025-05-28 14:03:34,45212,True,Processing
9d6747a2,Dock,Z1,M137,R3,2025-05-29 17:03:34,2025-05-29 19:03:34,41005,True,Waiting
ac31d85c,Dock,Z2,M140,R13,2025-05-28 12:03:34,2025-05-28 13:03:34,41005,True,Processing
11e9f81c,Dispatched,Z4,M140,R12,2025-05-28 05:03:34,2025-05-28 08:03:34,41091,True,Waiting
ae3d7d08,Dispatched,Z1,M168,R15,2025-05-29 04:03:34,2025-05-29 07:03:34,45212,False,Processing
eb7a6a31,Dispatched,Z4,M118,R20,2025-05-29 06:03:34,2025-05-29 09:03:34,45229,True,Loaded
db5b23f7,Dock,Z5,M188,R4,2025-05-29 07:03:34,2025-05-29 15:03:34,45229,True,Delayed
7b1b8458,Dock,Z4,M107,R11,2025-05-29 15:03:34,2025-05-29 19:03:34,45212,True,Waiting
4abc4dcc,Sorting,Z4,M193,R13,2025-05-29 05:03:34,2025-05-29 08:03:34,45213,False,Loaded
89184529,Dispatched,Z4,M144,R13,2025-05-28 23:03:34,2025-05-29 01:03:34,41091,False,Loaded
2514bb77,Sorting,Z5,M150,R4,2025-05-29 16:03:34,2025-05-29 22:03:34,45212,True,Loaded
5747ac0e,Dispatched,Z2,M173,R5,2025-05-28 20:03:34,2025-05-29 04:03:34,41005,True,Processing
9801519d,Sorting,Z2,M194,R1,2025-05-29 01:03:34,2025-05-29 03:03:34,45229,True,Delayed
e292ca31,Dispatched,Z2,M107,R4,2025-05-29 02:03:34,2025-05-29 10:03:34,45202,True,Waiting
baf3681c,Dock,Z5,M155,R5,2025-05-28 08:03:34,2025-05-28 15:03:34,45202,True,Waiting
f7348194,Sorting,Z4,M162,R10,2025-05-28 04:03:34,2025-05-28 07:03:34,45229,False,Waiting
15907310,Dispatched,Z4,M135,R15,2025-05-29 01:03:34,2025-05-29 02:03:34,45213,True,Waiting
